doc_id,start_pos,end_pos,surface,type,identifier,wiki_title,score
https://digitalzibaldone.net/node/p1012_2,243,249,Andrès,PER,Q2758559,Juan Andrés,0.9478463377064772
https://digitalzibaldone.net/node/p1012_2,251,256,l. c.,WORK,NIL,,0.3586529030069698
https://digitalzibaldone.net/node/p1012_2,276,280,Roma,LOC,Q220,Roma,0.9601929096934393
https://digitalzibaldone.net/node/p1012_2,416,422,Milano,LOC,Q490,Milano,0.9906965458232064
https://digitalzibaldone.net/node/p1012_2,529,537,Cicerone,PER,Q1541,Marco Tullio Cicerone,0.9930846924362311
https://digitalzibaldone.net/node/p1012_2,540,546,Andrès,PER,Q2758559,Juan Andrés,0.9632198055654586
https://digitalzibaldone.net/node/p1012_2,548,553,l. c.,WORK,Q1541,Marco Tullio Cicerone,0.8934685547718807
https://digitalzibaldone.net/node/p1023_2,52,64,impero greco,LOC,NIL,,0.270431214153501
https://digitalzibaldone.net/node/p1023_2,189,195,italia,LOC,Q38,Italia,0.9879327896141715
https://digitalzibaldone.net/node/p1023_2,251,255,Cic.,PER,Q1541,Marco Tullio Cicerone,0.9783910205162154
https://digitalzibaldone.net/node/p1023_2,262,270,Virgilio,PER,Q1398,Publio Virgilio Marone,0.9955955869367884
https://digitalzibaldone.net/node/p1023_2,289,296,Augusto,PER,Q1405,Augusto,0.9962746806782167
https://digitalzibaldone.net/node/p1023_2,425,431,Andrès,PER,Q2758559,Juan Andrés,0.889317585770618
https://digitalzibaldone.net/node/p1023_2,433,440,l. cit.,WORK,NIL,,0.2918311311350161
https://digitalzibaldone.net/node/p1034_2,62,68,Italia,LOC,Q38,Italia,0.9878108675608408
https://digitalzibaldone.net/node/p1037_1,31,50,Orazione ᾽Eπιτάϕιος,WORK,NIL,,0.020630956032448997
https://digitalzibaldone.net/node/p1037_1,64,73,Demostene,PER,Q117253,Demostene,0.9971598279227931
https://digitalzibaldone.net/node/p1040_1,280,286,Grecia,LOC,Q11772,Antica Grecia,0.9301251470217856
https://digitalzibaldone.net/node/p1040_1,421,427,italia,LOC,Q38,Italia,0.9878108675608408
https://digitalzibaldone.net/node/p1040_1,436,442,Gallie,LOC,Q38060,Gallia,0.9417114752160533
https://digitalzibaldone.net/node/p1040_1,642,648,Gallie,LOC,Q38060,Gallia,0.8742813243544973
https://digitalzibaldone.net/node/p1040_1,681,687,italia,LOC,Q38,Italia,0.9878108675608408
https://digitalzibaldone.net/node/p1040_1,721,728,Sicilia,LOC,Q1460,Sicilia,0.9897794838505956
https://digitalzibaldone.net/node/p1040_1,740,746,Gallie,LOC,Q38060,Gallia,0.7668427730057014
https://digitalzibaldone.net/node/p1040_1,1300,1306,italia,LOC,Q38,Italia,0.9878108675608408
https://digitalzibaldone.net/node/p1040_1,1312,1319,Francia,LOC,Q142,Francia,0.9959144073458137
https://digitalzibaldone.net/node/p1040_1,1610,1616,italia,LOC,Q38,Italia,0.9878108675608408
https://digitalzibaldone.net/node/p1040_1,1622,1629,Francia,LOC,Q142,Francia,0.9973175687592576
https://digitalzibaldone.net/node/p1042_2,208,214,italia,LOC,Q38,Italia,0.9879327896141715
https://digitalzibaldone.net/node/p1042_2,333,339,Gallie,LOC,Q38060,Gallia,0.93932994680552
https://digitalzibaldone.net/node/p1042_2,432,436,Roma,LOC,Q220,Roma,0.9750123145613868
https://digitalzibaldone.net/node/p1042_2,442,448,italia,LOC,Q38,Italia,0.9878108675608408
https://digitalzibaldone.net/node/p1042_2,622,626,Roma,LOC,Q220,Roma,0.9779794968071265
https://digitalzibaldone.net/node/p1042_2,632,638,italia,LOC,Q38,Italia,0.9879327896141715
https://digitalzibaldone.net/node/p1042_2,965,971,Gallie,LOC,Q38060,Gallia,0.9277172915818894
https://digitalzibaldone.net/node/p1042_2,1112,1118,italia,LOC,Q38,Italia,0.9878108675608408
https://digitalzibaldone.net/node/p1042_2,1171,1178,Francia,LOC,Q142,Francia,0.9947638808836108
https://digitalzibaldone.net/node/p1045_2,3,10,Francia,LOC,Q142,Francia,0.9966539812998326
https://digitalzibaldone.net/node/p1045_2,595,606,inghilterra,LOC,Q21,Inghilterra,0.9771355986831933
https://digitalzibaldone.net/node/p1045_2,741,747,europa,LOC,Q46,Europa,0.9916290690790391
https://digitalzibaldone.net/node/p1045_2,804,810,Andrès,PER,Q2758559,Juan Andrés,0.9803899278644328
https://digitalzibaldone.net/node/p1045_2,888,894,europa,LOC,Q46,Europa,0.9920780340273344
https://digitalzibaldone.net/node/p1045_2,997,1008,Shakespeare,PER,Q692,William Shakespeare,0.9972619022705698
https://digitalzibaldone.net/node/p1045_2,1074,1081,Francia,LOC,Q142,Francia,0.9951347465603179
https://digitalzibaldone.net/node/p1048_2,902,913,Castelvetro,PER,Q936665,Lodovico Castelvetro,0.9932659406504981
https://digitalzibaldone.net/node/p1049_1,300,306,Orazio,PER,Q6197,Quinto Orazio Flacco,0.9923470058132368
https://digitalzibaldone.net/node/p1049_1,660,667,favella,WORK,Q169560,Caravella,0.9267587187345564
https://digitalzibaldone.net/node/p1052_3,59,63,Cic.,PER,Q1541,Marco Tullio Cicerone,0.9777791857811071
https://digitalzibaldone.net/node/p1052_3,74,86,de Senectute,WORK,Q5244244,De beneficiis,0.5436502092530336
https://digitalzibaldone.net/node/p1054_2,146,152,Sulzer,PER,Q116036,Johann Georg Sulzer,0.8865398028610971
https://digitalzibaldone.net/node/p1054_2,330,340,Forcellini,WORK,Q3846125,Marco Forcellini,0.9522767831142278
https://digitalzibaldone.net/node/p1054_2,347,387,Saggio sugli Errori popol. degli antichi,WORK,NIL,,0.4556333173217679
https://digitalzibaldone.net/node/p1055_2,128,133,Soave,PER,Q47876,Soave,0.9754268645175113
https://digitalzibaldone.net/node/p1055_2,170,179,Compendio,WORK,NIL,,0.29081411156456327
https://digitalzibaldone.net/node/p1055_2,183,188,Locke,PER,Q9353,John Locke,0.9840873987685563
https://digitalzibaldone.net/node/p1055_2,190,197,Venezia,LOC,Q641,Venezia,0.9917684674730403
https://digitalzibaldone.net/node/p1056_3,425,433,Cicerone,PER,Q1541,Marco Tullio Cicerone,0.9946462590826607
https://digitalzibaldone.net/node/p1056_3,441,447,Plauto,PER,Q47160,Tito Maccio Plauto,0.9914348384892636
https://digitalzibaldone.net/node/p1056_3,453,461,Terenzio,PER,Q172048,Publio Terenzio Afro,0.9881528071305122
https://digitalzibaldone.net/node/p1065_3,544,575,Scelta di Opuscoli interessanti,WORK,NIL,,0.14171041189558314
https://digitalzibaldone.net/node/p1065_3,577,583,Milano,LOC,Q490,Milano,0.9956020096474659
https://digitalzibaldone.net/node/p1104_1,502,513,Franciosini,PER,Q1767444,Lorenzo Franciosini,0.9670197393756419
https://digitalzibaldone.net/node/p1104_1,637,642,Dante,PER,Q1067,Dante Alighieri,0.9919757814749792
https://digitalzibaldone.net/node/p1104_1,650,659,la Crusca,WORK,Q17154448,La Rettorica,0.8728514782216088
https://digitalzibaldone.net/node/p1105_1,237,247,Forcellini,WORK,Q3846125,Marco Forcellini,0.9587584296917123
https://digitalzibaldone.net/node/p1105_3,250,258,Virgilio,PER,Q1398,Publio Virgilio Marone,0.990379208192232
https://digitalzibaldone.net/node/p1105_3,260,264,Aen.,WORK,NIL,,0.5039617859218257
https://digitalzibaldone.net/node/p1105_3,313,327,lido Siciliano,LOC,NIL,,0.175154391430577
https://digitalzibaldone.net/node/p1105_3,1017,1020,En.,WORK,NIL,,0.013591726816246085
https://digitalzibaldone.net/node/p1139_1,678,686,Palamede,PER,Q8739,Archimede,0.9622189317185007
https://digitalzibaldone.net/node/p1139_1,688,693,Plin.,PER,NIL,,0.002875624940117768
https://digitalzibaldone.net/node/p1139_1,758,765,Servius,PER,NIL,,0.3096273015798516
https://digitalzibaldone.net/node/p1139_1,766,773,ad Aen.,WORK,NIL,,0.12127812336991284
https://digitalzibaldone.net/node/p1139_1,793,800,Fabric.,PER,NIL,,0.04541870340921593
https://digitalzibaldone.net/node/p1139_1,801,806,B. G.,WORK,NIL,,0.00214045629413713
https://digitalzibaldone.net/node/p1139_1,823,833,il Lessico,WORK,Q8096,Lessico,0.510355643552995
https://digitalzibaldone.net/node/p1139_1,839,847,Hofmanno,PER,NIL,,0.06699398896831821
https://digitalzibaldone.net/node/p1139_1,852,859,Literae,WORK,NIL,,0.09323947041799585
https://digitalzibaldone.net/node/p1139_1,1249,1276,Annali di Scienze e lettere,WORK,Q3604050,"Accademia nazionale di scienze, lettere e arti (Modena)",0.7416524568783348
https://digitalzibaldone.net/node/p1139_1,1278,1284,Milano,LOC,Q490,Milano,0.9883857019063375
https://digitalzibaldone.net/node/p1139_1,1368,1375,Giapeto,PER,Q170512,Apuleio,0.8473032696639005
https://digitalzibaldone.net/node/p1139_1,1380,1385,Jafet,PER,Q200637,Jafet,0.9210570520934352
https://digitalzibaldone.net/node/p1148_1,28,38,Forcellini,PER,Q3846125,Marco Forcellini,0.8821887101476692
https://digitalzibaldone.net/node/p1213_1,42,48,europa,LOC,Q46,Europa,0.9842395955611949
https://digitalzibaldone.net/node/p1213_1,352,358,europa,LOC,Q46,Europa,0.9842395955611949
https://digitalzibaldone.net/node/p1213_1,1018,1024,europa,LOC,Q46,Europa,0.9901666941020166
https://digitalzibaldone.net/node/p1213_1,1515,1521,europa,LOC,Q46,Europa,0.9901666941020166
https://digitalzibaldone.net/node/p1213_1,1696,1702,europa,LOC,Q46,Europa,0.9901666941020166
https://digitalzibaldone.net/node/p1213_1,1716,1722,italia,LOC,Q38,Italia,0.9879327896141715
https://digitalzibaldone.net/node/p1213_1,1779,1785,italia,LOC,Q38,Italia,0.9878108675608408
https://digitalzibaldone.net/node/p1217_1,57,68,Vocabolario,WORK,NIL,,0.2679735610077109
https://digitalzibaldone.net/node/p1230_1,23,33,Forcellini,PER,NIL,,0.0749309390662587
https://digitalzibaldone.net/node/p1230_1,162,168,Crusca,WORK,Q188672,Crusca,0.7925771953378676
https://digitalzibaldone.net/node/p1230_1,186,191,Dante,PER,Q1067,Dante Alighieri,0.9908165225240713
https://digitalzibaldone.net/node/p1230_1,203,211,Soderini,PER,Q1102344,Giovan Vettorio Soderini,0.9511159528541023
https://digitalzibaldone.net/node/p1230_1,435,451,Storie Pistolesi,WORK,Q24937089,Storie di Decio Mure,0.9408715001785288
https://digitalzibaldone.net/node/p1230_1,458,464,Crusca,WORK,Q188672,Crusca,0.7735284411328698
https://digitalzibaldone.net/node/p1230_1,484,503,Storia della Guerra,WORK,Q156312,Storia della Terra,0.6909666611714843
https://digitalzibaldone.net/node/p1230_1,507,516,Semifonte,PER,Q129772,Senofonte,0.8552055610170474
https://digitalzibaldone.net/node/p1230_1,528,535,M. Pace,PER,Q640933,Giulio Pace,0.7799885158189368
https://digitalzibaldone.net/node/p1230_1,539,547,Certaldo,PER,Q82646,Certaldo,0.9930803741106707
https://digitalzibaldone.net/node/p1230_1,549,556,Firenze,LOC,Q2044,Firenze,0.992365078949287
https://digitalzibaldone.net/node/p1230_1,781,789,V. Monti,PER,Q723643,Vincenzo Monti,0.8922415822952451
https://digitalzibaldone.net/node/p1230_1,793,810,Vincenzo Lancetti,PER,Q7932250,Vincenzo Pacetti,0.933939123288777
https://digitalzibaldone.net/node/p1230_1,857,876,Vocab. della Crusca,WORK,NIL,,0.4737645320183233
https://digitalzibaldone.net/node/p1230_1,894,900,Milano,LOC,Q490,Milano,0.9938424851833638
https://digitalzibaldone.net/node/p1230_1,980,989,la Crusca,WORK,Q5297817,La Doriclea,0.7099841150906389
https://digitalzibaldone.net/node/p1230_1,1094,1100,Crusca,WORK,Q188672,Crusca,0.8936178602133842
https://digitalzibaldone.net/node/p1230_1,1150,1158,Du Cange,PER,Q442240,"Charles du Fresne, sieur du Cange",0.9225083750934365
https://digitalzibaldone.net/node/p1233_1,92,98,europa,LOC,Q46,Europa,0.9765832637522517
https://digitalzibaldone.net/node/p1233_1,379,390,Vocabolario,WORK,NIL,,0.037635629238135244
https://digitalzibaldone.net/node/p1256_2,106,111,Omero,PER,Q6691,Omero,0.997322763913069
https://digitalzibaldone.net/node/p1256_2,164,173,Raffaello,PER,Q5597,Raffaello Sanzio,0.9943845495990026
https://digitalzibaldone.net/node/p1256_2,1083,1088,Omero,PER,Q6691,Omero,0.9947470984044577
https://digitalzibaldone.net/node/p1260_2,160,167,Alfieri,PER,Q296244,Vittorio Alfieri,0.9755719141615777
https://digitalzibaldone.net/node/p1260_2,179,183,Vita,WORK,Q3,Vita,0.9949216364153853
https://digitalzibaldone.net/node/p1270_2,815,827,Sir W. Jones,PER,Q273969,William Jones (filologo),0.965899639639928
https://digitalzibaldone.net/node/p1290_1,731,737,Morery,PER,NIL,,0.011188385935026622
https://digitalzibaldone.net/node/p1290_1,739,768,Grand dictionnaire historique,WORK,NIL,,0.0890041248113884
https://digitalzibaldone.net/node/p1290_1,795,801,Calmet,PER,Q767668,Agostino Calmet,0.9841654532670772
https://digitalzibaldone.net/node/p1290_1,807,815,Prideaux,PER,NIL,,0.05795699621174933
https://digitalzibaldone.net/node/p1290_1,821,827,Vossio,PER,Q3965164,Sossio,0.6927017350792231
https://digitalzibaldone.net/node/p1292_1,108,113,Monti,PER,Q723643,Vincenzo Monti,0.9903736140764487
https://digitalzibaldone.net/node/p1302_1,910,917,Gravina,PER,Q727363,Gian Vincenzo Gravina,0.9230919618507502
https://digitalzibaldone.net/node/p1313_1,135,151,Daniello Bartoli,PER,Q2283604,Daniello Bartoli,0.8781818728701991
https://digitalzibaldone.net/node/p1313_1,232,237,Monti,PER,Q723643,Vincenzo Monti,0.9985417216270319
https://digitalzibaldone.net/node/p1313_1,239,247,Proposta,WORK,NIL,,0.3090520793309906
https://digitalzibaldone.net/node/p1313_1,605,612,Bartoli,PER,Q2283604,Daniello Bartoli,0.6279569660031642
https://digitalzibaldone.net/node/p1313_1,1070,1075,Dante,PER,Q1067,Dante Alighieri,0.9899776197619575
https://digitalzibaldone.net/node/p1327_1,101,110,Marmontel,PER,Q379923,Jean-François Marmontel,0.99146764540808
https://digitalzibaldone.net/node/p1329_1,48,54,italia,LOC,Q38,Italia,0.988765690065774
https://digitalzibaldone.net/node/p1329_1,306,312,italia,LOC,Q38,Italia,0.9878108675608408
https://digitalzibaldone.net/node/p1329_1,356,364,Lancetti,PER,Q3615622,Andrea Comparetti,0.6262706563853658
https://digitalzibaldone.net/node/p1329_1,368,373,Monti,PER,Q723643,Vincenzo Monti,0.9946359465011517
https://digitalzibaldone.net/node/p1329_1,380,388,Proposta,WORK,NIL,,0.4383104467418921
https://digitalzibaldone.net/node/p1336_2,412,417,Monti,PER,Q723643,Vincenzo Monti,0.9978735822154909
https://digitalzibaldone.net/node/p1336_2,418,426,Proposta,WORK,NIL,,0.4717336384372716
https://digitalzibaldone.net/node/p1350_1,163,169,Sulzer,PER,Q116036,Johann Georg Sulzer,0.9451418544014435
https://digitalzibaldone.net/node/p1350_1,177,198,Opuscoli interessanti,WORK,NIL,,0.005138464315380401
https://digitalzibaldone.net/node/p1350_1,202,208,Milano,LOC,Q490,Milano,0.9815310537113336
https://digitalzibaldone.net/node/p1350_1,305,308,ib.,WORK,NIL,,0.06393480839918045
https://digitalzibaldone.net/node/p1366_1,14,19,Dante,PER,Q1067,Dante Alighieri,0.992291550188063
https://digitalzibaldone.net/node/p1366_1,21,32,Petr. Bocc.,PER,NIL,,0.3388926724793921
https://digitalzibaldone.net/node/p1366_1,293,298,Omero,PER,Q6691,Omero,0.996707511330416
https://digitalzibaldone.net/node/p1366_1,323,329,Grecia,LOC,Q41,Grecia,0.9891026195811301
https://digitalzibaldone.net/node/p1366_1,511,516,Omero,PER,Q6691,Omero,0.9920366380877247
https://digitalzibaldone.net/node/p1366_1,547,552,Monti,PER,Q723643,Vincenzo Monti,0.9710339813224353
https://digitalzibaldone.net/node/p1366_1,684,689,Omero,PER,Q6691,Omero,0.9912883785644758
https://digitalzibaldone.net/node/p1366_1,723,728,Dante,PER,Q1067,Dante Alighieri,0.9927354143837102
https://digitalzibaldone.net/node/p1366_1,737,742,Dante,PER,Q1067,Dante Alighieri,0.9926079701134448
https://digitalzibaldone.net/node/p1366_1,781,786,Omero,PER,Q6691,Omero,0.9935779917454859
https://digitalzibaldone.net/node/p1378_1,721,726,Gelli,PER,Q518160,Giovan Battista Gelli,0.89475912886512
https://digitalzibaldone.net/node/p1378_1,728,733,Circe,WORK,Q187602,Circe,0.9608250465255068
https://digitalzibaldone.net/node/p1378_1,739,744,Dial.,WORK,NIL,,0.26718793707582406
https://digitalzibaldone.net/node/p1378_1,790,797,Segneri,PER,Q1057722,Paolo Segneri,0.9875824406973138
https://digitalzibaldone.net/node/p1378_1,798,807,Incredulo,WORK,NIL,,0.07118540197068124
https://digitalzibaldone.net/node/p1445_1,129,135,Thomas,PER,Q2277355,Thomas Pitt,0.9769593999818266
https://digitalzibaldone.net/node/p1445_1,136,156,Essai sur les Eloges,WORK,NIL,,0.03907007367735989
https://digitalzibaldone.net/node/p1445_1,210,217,Meursio,PER,NIL,,0.31489389213803587
https://digitalzibaldone.net/node/p1447_3,398,406,Porfirio,PER,Q203445,Porfirio,0.9960744348759915
https://digitalzibaldone.net/node/p1447_3,408,420,Vit. Plotini,WORK,NIL,,0.009595652586711334
https://digitalzibaldone.net/node/p1450_1,1015,1022,Rinaldo,WORK,Q15141524,Rinaldo,0.9607872210316681
https://digitalzibaldone.net/node/p1450_1,1027,1032,Tasso,PER,Q168962,Torquato Tasso,0.9910083366032957
https://digitalzibaldone.net/node/p1450_1,1045,1053,Tragedia,WORK,Q80930,Tragedia,0.9909952270320918
https://digitalzibaldone.net/node/p1450_1,1058,1068,Metastasio,PER,Q29473,Pietro Metastasio,0.9833293073447696
https://digitalzibaldone.net/node/p1450_1,1076,1083,Alfieri,PER,Q296244,Vittorio Alfieri,0.9794584607143234
https://digitalzibaldone.net/node/p1454_1,529,536,Alfieri,PER,Q296244,Vittorio Alfieri,0.9615801768044991
https://digitalzibaldone.net/node/p1468_1,92,100,Cartesio,PER,Q9191,Cartesio,0.9757396904992223
https://digitalzibaldone.net/node/p1468_1,822,828,europa,LOC,Q46,Europa,0.9919976545455723
https://digitalzibaldone.net/node/p1487_1,328,334,Sulzer,PER,Q116036,Johann Georg Sulzer,0.9744887589614717
https://digitalzibaldone.net/node/p1501_1,373,379,spagne,LOC,Q3944853,Sagne,0.6095871183252751
https://digitalzibaldone.net/node/p1501_1,387,394,francia,LOC,Q142,Francia,0.9973175687592576
https://digitalzibaldone.net/node/p1501_1,399,405,italia,LOC,Q38,Italia,0.984500547313092
https://digitalzibaldone.net/node/p1515_1,208,214,italia,LOC,Q38,Italia,0.9848123484730038
https://digitalzibaldone.net/node/p1515_1,220,226,spagna,LOC,Q29,Spagna,0.989263716749871
https://digitalzibaldone.net/node/p1515_1,232,243,inghilterra,LOC,Q21,Inghilterra,0.9803696203547795
https://digitalzibaldone.net/node/p1557_1,104,109,Omero,PER,Q6691,Omero,0.9965182672021523
https://digitalzibaldone.net/node/p1589_2,817,825,Commedia,WORK,Q40831,Commedia,0.9949216364153853
https://digitalzibaldone.net/node/p1589_2,829,836,Bologna,LOC,Q1891,Bologna,0.9938791782959309
https://digitalzibaldone.net/node/p1601_1,602,607,Celso,PER,Q312420,Aulo Cornelio Celso,0.9774294468494742
https://digitalzibaldone.net/node/p1601_1,653,664,Montesquieu,PER,Q15975,Montesquieu,0.9990469284010999
https://digitalzibaldone.net/node/p1601_1,665,673,Grandeur,WORK,Q51648,Grande Scisma,0.8039045356495321
https://digitalzibaldone.net/node/p1601_1,856,861,Celso,PER,Q312420,Aulo Cornelio Celso,0.986122160402746
https://digitalzibaldone.net/node/p1650_1,363,368,Omero,PER,Q6691,Omero,0.9968348795982769
https://digitalzibaldone.net/node/p1650_1,369,378,ὁ ποιητής,WORK,NIL,,0.016916590026480143
https://digitalzibaldone.net/node/p1659_1,514,521,Wieland,PER,NIL,,0.004888315020944593
https://digitalzibaldone.net/node/p1659_1,1041,1046,Dante,PER,Q1067,Dante Alighieri,0.992770315259996
https://digitalzibaldone.net/node/p1659_1,1048,1056,Petrarca,PER,Q1401,Francesco Petrarca,0.9779277320493386
https://digitalzibaldone.net/node/p1659_1,1064,1073,Perticari,PER,Q3769747,Giulio Perticari,0.9905122798028131
https://digitalzibaldone.net/node/p1671_1,421,429,Germania,LOC,Q183,Germania,0.984945727046399
https://digitalzibaldone.net/node/p1671_1,1046,1052,europa,LOC,Q46,Europa,0.9919976545455723
https://digitalzibaldone.net/node/p1671_1,1084,1092,Sismondi,PER,Q124073,Jean Charles Léonard Simonde de Sismondi,0.9704655849252273
https://digitalzibaldone.net/node/p1671_1,1099,1106,Lusiade,WORK,Q1990294,Enriade,0.9744744926826708
https://digitalzibaldone.net/node/p1671_1,1137,1148,Gerusalemme,WORK,Q1053313,Gerusalemme liberata,0.9949016071105379
https://digitalzibaldone.net/node/p1671_1,1240,1245,Omero,PER,Q6691,Omero,0.9920576856908923
https://digitalzibaldone.net/node/p1671_1,1251,1259,Virgilio,PER,Q1398,Publio Virgilio Marone,0.9918083370833531
https://digitalzibaldone.net/node/p1671_1,1324,1331,Furioso,WORK,Q48922,Orlando furioso,0.6446144303494182
https://digitalzibaldone.net/node/p1671_1,1343,1351,Goffredo,WORK,NIL,,0.3710363612297314
https://digitalzibaldone.net/node/p1678_1,94,105,i gramatici,WORK,Q1094908,I Trionfi,0.8427353193896041
https://digitalzibaldone.net/node/p1678_1,358,364,italia,LOC,Q38,Italia,0.9878108675608408
https://digitalzibaldone.net/node/p1678_1,383,388,monti,WORK,Q723643,Vincenzo Monti,0.6367496107222645
https://digitalzibaldone.net/node/p1678_1,390,398,Proposta,WORK,NIL,,0.014415833688322123
https://digitalzibaldone.net/node/p1678_1,637,643,Crusca,WORK,Q188672,Crusca,0.974899231159354
https://digitalzibaldone.net/node/p1678_1,691,697,Crusca,WORK,Q188672,Crusca,0.9843604788997015
https://digitalzibaldone.net/node/p1678_1,748,757,la Crusca,WORK,Q17154448,La Rettorica,0.6790623481250396
https://digitalzibaldone.net/node/p1699_2,1320,1334,la Veterinaria,WORK,Q5297817,La Doriclea,0.975685296833324
https://digitalzibaldone.net/node/p1699_2,1338,1345,Vegezio,PER,Q4298,Publio Vegezio Renato,0.9851831198066333
https://digitalzibaldone.net/node/p1699_2,1391,1396,Cioni,PER,Q76648171,Gaetano Cioni,0.9831527843687239
https://digitalzibaldone.net/node/p1699_2,1408,1418,G. Capponi,PER,Q747549,Luigi Capponi,0.5549496542951856
https://digitalzibaldone.net/node/p1699_2,1425,1434,Pelagonio,PER,Q788340,Pelagonio,0.9970925462360207
https://digitalzibaldone.net/node/p1717_1,0,6,Mελέτη,PER,NIL,,0.00034790104529556067
https://digitalzibaldone.net/node/p1717_1,37,46,Apoftegma,WORK,Q619658,Apoftegma,0.8606465258673945
https://digitalzibaldone.net/node/p1717_1,61,70,Periandro,PER,Q328793,Periandro,0.9866889111159757
https://digitalzibaldone.net/node/p1720_1,200,208,Cartesio,PER,Q9191,Cartesio,0.9842492154014137
https://digitalzibaldone.net/node/p1773_1,447,452,Adamo,PER,Q70899,Adamo,0.9755527493840197
https://digitalzibaldone.net/node/p1794_1,157,165,Agesilao,PER,Q2275429,Agesilao (storico),0.8992391553012069
https://digitalzibaldone.net/node/p1794_1,193,202,Senofonte,PER,Q129772,Senofonte,0.99794169884417
https://digitalzibaldone.net/node/p1794_1,230,234,Coti,PER,Q3648866,COTI,0.8947007623753889
https://digitalzibaldone.net/node/p1794_1,274,283,Senofonte,PER,Q129772,Senofonte,0.9941082773340293
https://digitalzibaldone.net/node/p1794_1,336,354,Eλληνικῶν ἱστοριῶν,WORK,NIL,,0.008930813231033188
https://digitalzibaldone.net/node/p1822_1,605,614,Sallustio,PER,Q2214677,Sallustio Bandini,0.92944641494579
https://digitalzibaldone.net/node/p1822_1,618,634,Dureau Delamalle,PER,Q677943,Adolphe Dureau de la Malle,0.9362474009786155
https://digitalzibaldone.net/node/p1831_1,310,316,Europa,LOC,Q46,Europa,0.986571473749176
https://digitalzibaldone.net/node/p1831_1,332,336,Nord,LOC,Q659,Nord,0.9874246381707409
https://digitalzibaldone.net/node/p1858_1,20,29,Copernico,PER,Q619,Niccolò Copernico,0.9909965375356233
https://digitalzibaldone.net/node/p1858_1,279,288,Pittagora,PER,Q169243,Protagora,0.961546305605682
https://digitalzibaldone.net/node/p1858_1,292,309,Aristarco di Samo,PER,Q140188,Aristarco di Samo,0.9855214927074377
https://digitalzibaldone.net/node/p1858_1,315,328,Card. di Cusa,PER,Q177847,Luciano di Samosata,0.8242800524559816
https://digitalzibaldone.net/node/p1867_1,1881,1893,Guicciardini,PER,Q44601,Francesco Guicciardini,0.8785502946408934
https://digitalzibaldone.net/node/p1950_1,220,225,Staël,PER,NIL,,0.08235979126497119
https://digitalzibaldone.net/node/p1980_1,396,401,Celso,PER,Q312420,Aulo Cornelio Celso,0.992471536247567
https://digitalzibaldone.net/node/p1980_1,402,427,sull'orig. della medicina,WORK,Q3884260,Opus Pandectarum Medicinae,0.9100956030220213
https://digitalzibaldone.net/node/p1987_1,282,287,Omero,PER,Q6691,Omero,0.9965380562437735
https://digitalzibaldone.net/node/p1999_2,1609,1616,Francia,LOC,Q142,Francia,0.991270281918005
https://digitalzibaldone.net/node/p2001_1,27,34,Francia,LOC,Q142,Francia,0.9959144073458137
https://digitalzibaldone.net/node/p2708_1,0,8,Cartesio,PER,Q9191,Cartesio,0.9878033909148421
https://digitalzibaldone.net/node/p2708_1,171,179,Cartesio,PER,Q9191,Cartesio,0.9522663524941457
https://digitalzibaldone.net/node/p2708_1,426,432,Newton,PER,Q935,Isaac Newton,0.9865570853894428
https://digitalzibaldone.net/node/p2708_1,591,598,Platone,PER,Q859,Platone,0.9955431795236044
https://digitalzibaldone.net/node/p2711_1,1276,1286,California,LOC,Q99,California,0.973025725255311
https://digitalzibaldone.net/node/p2735_1,374,378,Cic.,PER,Q1541,Marco Tullio Cicerone,0.9764944279021995
https://digitalzibaldone.net/node/p2735_1,380,396,Orat. pro Archia,WORK,Q3922215,Pro Archia poeta,0.9408151546946956
https://digitalzibaldone.net/node/p2735_1,880,893,impero latino,LOC,Q1163234,Latino medievale,0.6483064945583513
https://digitalzibaldone.net/node/p2735_1,944,952,Cicerone,PER,Q1541,Marco Tullio Cicerone,0.9860360927554467
https://digitalzibaldone.net/node/p2771_1,241,245,Caro,PER,Q566851,Annibale Caro,0.9518760988677544
https://digitalzibaldone.net/node/p2779_2,142,147,sisto,PER,Q19968363,Sisto,0.9166730050138086
https://digitalzibaldone.net/node/p2779_2,477,483,Gramm.,WORK,NIL,,0.06131258298141988
https://digitalzibaldone.net/node/p2779_2,487,491,Pad.,PER,NIL,,0.12717129456094572
https://digitalzibaldone.net/node/p2825_2,47,58,Etimologico,PER,NIL,,0.33152419169894815
https://digitalzibaldone.net/node/p2825_2,388,396,Eustazio,PER,NIL,,0.3655513938966355
https://digitalzibaldone.net/node/p2825_2,522,532,Φυσιολόγος,WORK,NIL,,0.026483329276407067
https://digitalzibaldone.net/node/p2825_2,535,543,Epifanio,PER,Q313922,Epifanio di Salamina,0.9546907421356914
https://digitalzibaldone.net/node/p2825_2,559,568,Mustoxidi,PER,Q902399,Andrea Mustoxidi,0.8133386251934179
https://digitalzibaldone.net/node/p2825_2,577,582,Scinà,PER,Q3713240,Domenico Scinà,0.9565639791041781
https://digitalzibaldone.net/node/p2825_2,589,622,Collezione di vari aneddoti greci,WORK,NIL,,0.08205337959588456
https://digitalzibaldone.net/node/p2836_1,107,113,Georg.,PER,Q71606,Georg Fabricius,0.7417710959267627
https://digitalzibaldone.net/node/p2836_1,114,116,l.,WORK,NIL,,0.44020126480770744
https://digitalzibaldone.net/node/p2840_1,919,924,Ennio,PER,Q47130,Quinto Ennio,0.9828982255451131
https://digitalzibaldone.net/node/p2840_1,972,980,Lucrezio,PER,Q47154,Tito Lucrezio Caro,0.9384960830346386
https://digitalzibaldone.net/node/p2840_1,1005,1011,Catone,PER,Q180081,Marco Porcio Catone,0.9874486179417656
https://digitalzibaldone.net/node/p2840_1,1013,1019,Cincio,PER,Q180081,Marco Porcio Catone,0.6100461020521529
https://digitalzibaldone.net/node/p2875_1,711,722,inghilterra,LOC,Q21,Inghilterra,0.9815810364581516
https://digitalzibaldone.net/node/p2875_1,728,736,Germania,LOC,Q183,Germania,0.9905330120083671
https://digitalzibaldone.net/node/p2882_1,288,295,Ammiano,PER,Q172198,Ammiano Marcellino,0.9868700957156609
https://digitalzibaldone.net/node/p2882_1,300,308,Forcell.,WORK,Q3745486,Filocolo,0.613403847832404
https://digitalzibaldone.net/node/p2882_1,325,332,Ammiano,PER,Q172198,Ammiano Marcellino,0.9821202965351226
https://digitalzibaldone.net/node/p2882_1,628,633,Festo,PER,Q302723,Sesto Pompeo Festo,0.98048540025603
https://digitalzibaldone.net/node/p2882_1,880,888,Forcell.,WORK,Q550353,Egidio Forcellini,0.6436716525944332
https://digitalzibaldone.net/node/p2882_1,980,991,S. Agostino,PER,Q8018,Agostino d'Ippona,0.9734580518809791
https://digitalzibaldone.net/node/p2882_1,1250,1257,Ispagna,LOC,Q1235744,Era ispanica,0.7339913597573572
https://digitalzibaldone.net/node/p2882_1,1274,1281,Ammiano,PER,Q172198,Ammiano Marcellino,0.9962770565812525
https://digitalzibaldone.net/node/p2882_1,1379,1387,Glossar.,WORK,Q1132324,Glossa,0.9134243711176353
https://digitalzibaldone.net/node/p2882_1,1388,1393,Cang.,PER,NIL,,0.03184560861826021
https://digitalzibaldone.net/node/p2882_1,1664,1672,Glossar.,WORK,Q1132324,Glossa,0.9103699722972242
https://digitalzibaldone.net/node/p2923_3,152,162,Corticelli,PER,Q55892917,Gaetano Corticelli,0.7068104810308014
https://digitalzibaldone.net/node/p2923_3,404,412,Cicerone,PER,Q1541,Marco Tullio Cicerone,0.991329087258713
https://digitalzibaldone.net/node/p2923_3,414,420,Attica,LOC,Q152626,Pomponia Cecilia Attica,0.959910913448734
https://digitalzibaldone.net/node/p2923_3,552,560,Forcell.,WORK,Q1541,Marco Tullio Cicerone,0.8473106551213898
https://digitalzibaldone.net/node/p2932_1,399,407,Forcell.,WORK,NIL,,0.011861915947635799
https://digitalzibaldone.net/node/p2932_1,715,722,Varrone,PER,Q206119,Marco Terenzio Varrone,0.9918758473402444
https://digitalzibaldone.net/node/p2932_1,725,731,Plinio,PER,Q168707,Plinio il Giovane,0.8760426054895224
https://digitalzibaldone.net/node/p2932_1,826,833,Diomede,PER,Q8739,Archimede,0.835854071922468
https://digitalzibaldone.net/node/p2932_1,869,875,Persio,PER,Q332785,Aulo Persio Flacco,0.9944500717659601
https://digitalzibaldone.net/node/p2932_1,887,895,Forcell.,WORK,NIL,,0.27699288868029287
https://digitalzibaldone.net/node/p2932_1,1060,1067,Anonimo,PER,Q771392,Anonimo IV,0.8371620020085545
https://digitalzibaldone.net/node/p2932_1,1069,1089,de re architectonica,WORK,NIL,,0.0673020569613455
https://digitalzibaldone.net/node/p2932_1,1165,1173,Vitruvio,PER,Q47163,Marco Vitruvio Pollione,0.9865916532939768
https://digitalzibaldone.net/node/p2932_1,1245,1251,Gloss.,WORK,Q1132324,Glossa,0.7150991754422098
https://digitalzibaldone.net/node/p2932_1,1398,1405,Varrone,PER,Q206119,Marco Terenzio Varrone,0.9806169239253675
https://digitalzibaldone.net/node/p2935_2,43,53,Forcellini,WORK,Q3846125,Marco Forcellini,0.8426863252357856
https://digitalzibaldone.net/node/p2935_2,74,83,Glossario,WORK,Q859161,Glossario,0.9715378772797916
https://digitalzibaldone.net/node/p2965_1,868,885,paesi meridionali,LOC,NIL,,0.2665704390950236
https://digitalzibaldone.net/node/p2965_1,966,973,Alfieri,PER,Q296244,Vittorio Alfieri,0.9745001478003223
https://digitalzibaldone.net/node/p2965_1,974,988,nella sua Vita,WORK,NIL,,0.2062701064183092
https://digitalzibaldone.net/node/p2983_2,455,463,Forcell.,WORK,NIL,,0.17481882431258827
https://digitalzibaldone.net/node/p2983_2,508,514,Crusca,WORK,Q188672,Crusca,0.9453549019799116
https://digitalzibaldone.net/node/p2983_2,888,898,Forcellini,WORK,Q3846125,Marco Forcellini,0.9436048449841004
https://digitalzibaldone.net/node/p2983_2,904,913,Glossario,WORK,Q859161,Glossario,0.9655251613879371
https://digitalzibaldone.net/node/p2987_1,146,154,Historia,WORK,Q442,Naturalis historia,0.9153787411008496
https://digitalzibaldone.net/node/p2987_1,177,202,Fray Gerundio de Campazas,PER,Q1310912,Ranieri de' Calzabigi,0.5927627018374738
https://digitalzibaldone.net/node/p2987_1,237,252,Bastian Borrego,PER,NIL,,0.2559240399773041
https://digitalzibaldone.net/node/p2996_1,758,766,Forcell.,WORK,NIL,,0.15996230766486827
https://digitalzibaldone.net/node/p2996_1,833,838,Forc.,PER,NIL,,0.001173845884223646
https://digitalzibaldone.net/node/p3001_1,126,134,Forcell.,WORK,NIL,,0.0013253572855039272
https://digitalzibaldone.net/node/p3001_1,172,178,Gloss.,WORK,NIL,,0.015671830525888015
https://digitalzibaldone.net/node/p3006_1,69,79,Forcellini,WORK,Q3846125,Marco Forcellini,0.9345322750997337
https://digitalzibaldone.net/node/p3006_1,98,104,Gloss.,WORK,NIL,,0.4950516918132005
https://digitalzibaldone.net/node/p3037_3,504,514,S. Giacomo,PER,Q43999,Giacomo il Maggiore,0.9802632285948043
https://digitalzibaldone.net/node/p3053_1,263,271,Forcell.,WORK,Q550353,Egidio Forcellini,0.515906364058757
https://digitalzibaldone.net/node/p3053_1,359,367,Glossar.,WORK,Q1132324,Glossa,0.9299951828177428
https://digitalzibaldone.net/node/p3055_1,762,770,Cicerone,PER,Q1541,Marco Tullio Cicerone,0.99259356434619
https://digitalzibaldone.net/node/p3055_1,905,915,Desbillons,PER,NIL,,0.33671959095659126
https://digitalzibaldone.net/node/p3055_1,919,926,Phaedr.,PER,NIL,,0.1457391152208898
https://digitalzibaldone.net/node/p3055_1,927,934,Manheim,LOC,NIL,,0.1455116659831471
https://digitalzibaldone.net/node/p3057_1,148,164,S. Gio. Crisost.,PER,NIL,,0.44657598263534026
https://digitalzibaldone.net/node/p3057_1,330,339,Chrysost.,PER,NIL,,0.11356667224071512
https://digitalzibaldone.net/node/p3057_1,344,354,Montfaucon,PER,Q244117,Montfaucon (Gard),0.9375305431382047
https://digitalzibaldone.net/node/p3057_1,378,401,Glossar. latino e greco,WORK,NIL,,0.20040062351093751
https://digitalzibaldone.net/node/p3060_2,79,87,Forcell.,WORK,NIL,,0.43969404754499236
https://digitalzibaldone.net/node/p3060_2,119,124,Festo,PER,Q302723,Sesto Pompeo Festo,0.9764056661954643
https://digitalzibaldone.net/node/p3071_1,127,139,Cod. de Rep.,WORK,NIL,,0.16251210546918124
https://digitalzibaldone.net/node/p3071_1,143,147,Cic.,PER,Q1541,Marco Tullio Cicerone,0.8544627847309544
https://digitalzibaldone.net/node/p3071_1,249,257,Richelet,PER,Q7286,Émilie du Châtelet,0.73423784818896
https://digitalzibaldone.net/node/p3071_1,262,266,Diz.,WORK,NIL,,0.07863605460618667
https://digitalzibaldone.net/node/p3071_1,529,535,Gellio,PER,Q294800,Aulo Gellio,0.6278229146600954
https://digitalzibaldone.net/node/p3071_1,585,593,Glossar.,WORK,Q1132324,Glossa,0.7787233549410091
https://digitalzibaldone.net/node/p3072_3,149,160,Lucio Silla,PER,Q483783,Lucio Cornelio Silla,0.9724574725528381
https://digitalzibaldone.net/node/p3072_3,217,225,G. Mario,PER,Q125414,Gneo Pompeo Magno,0.960758341267167
https://digitalzibaldone.net/node/p3072_3,297,304,Augusto,PER,Q1405,Augusto,0.9973871788602037
https://digitalzibaldone.net/node/p3072_3,391,396,Bern.,PER,NIL,,0.04059218818416435
https://digitalzibaldone.net/node/p3072_3,397,406,Davanzati,WORK,Q2737973,Bernardo Davanzati,0.6902007868946963
https://digitalzibaldone.net/node/p3072_3,430,450,Gran Duca di Toscana,PER,NIL,,0.49030666666487444
https://digitalzibaldone.net/node/p3072_3,451,463,Cosimo primo,PER,Q1236766,Ippolito Pindemonte,0.7678961452605608
https://digitalzibaldone.net/node/p3073_3,214,220,Gloss.,WORK,NIL,,0.035385317006086686
https://digitalzibaldone.net/node/p3077_1,677,686,Perticari,PER,Q3769747,Giulio Perticari,0.9957854982829252
https://digitalzibaldone.net/node/p3077_1,782,790,Forcell.,WORK,NIL,,0.05196536942583576
https://digitalzibaldone.net/node/p3094_1,244,251,Cellini,PER,Q190116,Benvenuto Cellini,0.9722814238209004
https://digitalzibaldone.net/node/p3094_1,328,333,Bembo,PER,Q334188,Pietro Bembo,0.8631656194352827
https://digitalzibaldone.net/node/p3094_1,384,389,Bembo,PER,Q334188,Pietro Bembo,0.9483783499115715
https://digitalzibaldone.net/node/p3094_1,414,419,Bembo,PER,Q334188,Pietro Bembo,0.9353728547128473
https://digitalzibaldone.net/node/p3094_1,468,475,Cellini,PER,Q190116,Benvenuto Cellini,0.9729049348822905
https://digitalzibaldone.net/node/p3103_1,50,55,Omero,PER,Q6691,Omero,0.9971469203520651
https://digitalzibaldone.net/node/p3103_1,207,212,Omero,PER,Q6691,Omero,0.9971469203520651
https://digitalzibaldone.net/node/p3103_1,630,637,Lusiade,WORK,NIL,,0.21830531902358927
https://digitalzibaldone.net/node/p3103_1,659,665,Eneide,WORK,Q60220,Eneide,0.9934825916143161
https://digitalzibaldone.net/node/p3103_1,675,683,Isocrate,PER,Q221182,Isocrate,0.9937160923567213
https://digitalzibaldone.net/node/p3103_1,724,729,Omero,PER,Q6691,Omero,0.9967983441858784
https://digitalzibaldone.net/node/p3103_1,924,934,Panegirico,WORK,Q591055,Panegirico,0.9771875118681868
https://digitalzibaldone.net/node/p3103_1,949,962,Battie Isocr.,PER,NIL,,0.14264557156486105
https://digitalzibaldone.net/node/p3103_1,963,969,Oratt.,WORK,NIL,,0.15677366424487102
https://digitalzibaldone.net/node/p3103_1,984,994,Cantabrig.,LOC,NIL,,0.08396815740356313
https://digitalzibaldone.net/node/p3103_1,1027,1032,Omero,PER,Q6691,Omero,0.9893180111195141
https://digitalzibaldone.net/node/p3103_1,1338,1343,Omero,PER,Q6691,Omero,0.9969831577889603
https://digitalzibaldone.net/node/p3103_1,1535,1540,Omero,PER,Q6691,Omero,0.9948110191044972
https://digitalzibaldone.net/node/p3103_1,1584,1590,Mileto,LOC,Q169460,Mileto (Asia Minore),0.9824834546432778
https://digitalzibaldone.net/node/p3103_1,1600,1605,Dario,PER,Q6691,Omero,0.670019583108064
https://digitalzibaldone.net/node/p3103_1,1707,1714,Longino,PER,Q319947,Longino,0.9909333245017756
https://digitalzibaldone.net/node/p3137_2,98,103,Omero,PER,Q6691,Omero,0.9968278073307156
https://digitalzibaldone.net/node/p3137_2,109,115,iliade,WORK,Q8275,Iliade,0.9950536776964067
https://digitalzibaldone.net/node/p3137_2,252,257,Omero,PER,Q6691,Omero,0.9965182672021523
https://digitalzibaldone.net/node/p3137_2,587,593,iliade,WORK,Q8275,Iliade,0.9953165324924867
https://digitalzibaldone.net/node/p3137_2,1133,1138,Omero,PER,Q6691,Omero,0.9888572971148194
https://digitalzibaldone.net/node/p3141_1,0,5,Turno,PER,NIL,,0.0009324142204933712
https://digitalzibaldone.net/node/p3141_1,46,52,Eneide,WORK,NIL,,0.011842745989231103
https://digitalzibaldone.net/node/p3141_1,187,198,Gerusalemme,LOC,Q1218,Gerusalemme,0.991309055552245
https://digitalzibaldone.net/node/p3141_1,261,268,Argante,PER,Q1616998,Neante,0.9332113198669428
https://digitalzibaldone.net/node/p3141_1,270,278,Clorinda,PER,Q17992775,Clorinda,0.7481568589644685
https://digitalzibaldone.net/node/p3141_1,280,288,Solimano,PER,NIL,,0.03043969518773961
https://digitalzibaldone.net/node/p3141_1,300,307,Argante,PER,Q1616998,Neante,0.8820197306070692
https://digitalzibaldone.net/node/p3141_1,409,415,Gerus.,LOC,NIL,,0.022114739705775148
https://digitalzibaldone.net/node/p3141_1,612,617,Tasso,PER,Q168962,Torquato Tasso,0.9871253659899899
https://digitalzibaldone.net/node/p3141_1,888,896,Solimano,PER,NIL,,0.3227563472063388
https://digitalzibaldone.net/node/p3141_1,900,907,Argante,PER,Q1616998,Neante,0.8765718194348371
https://digitalzibaldone.net/node/p3141_1,964,975,Gerusalemme,LOC,Q1218,Gerusalemme,0.9903287625787877
https://digitalzibaldone.net/node/p3143_1,108,113,Omero,PER,Q6691,Omero,0.9970060315522791
https://digitalzibaldone.net/node/p3169_1,22,30,Grammat.,WORK,NIL,,0.30167222313241343
https://digitalzibaldone.net/node/p3169_1,35,41,Weller,PER,Q371986,Paul Weller,0.5800607292652987
https://digitalzibaldone.net/node/p3169_1,49,54,Lips.,LOC,NIL,,0.009866306923362782
https://digitalzibaldone.net/node/p3202_1,801,807,Caluso,PER,Q9131,Caluso,0.8267378273417234
https://digitalzibaldone.net/node/p3202_1,814,838,Lettera appiè della Vita,WORK,NIL,,0.22897832429392143
https://digitalzibaldone.net/node/p3202_1,842,849,Alfieri,PER,Q296244,Vittorio Alfieri,0.9887435487060947
https://digitalzibaldone.net/node/p3202_1,867,873,Esiodo,PER,Q44233,Esiodo,0.9901604580059461
https://digitalzibaldone.net/node/p3202_1,1228,1233,Card.,PER,NIL,,0.07123946432234983
https://digitalzibaldone.net/node/p3202_1,1235,1242,Riganti,PER,NIL,,0.09644896875345008
https://digitalzibaldone.net/node/p3202_1,1523,1531,Ermogene,PER,Q738027,Ermogene di Tarso,0.9529797381464863
https://digitalzibaldone.net/node/p3202_1,1573,1581,Dissert.,WORK,Q838526,Digesto,0.5931833352711441
https://digitalzibaldone.net/node/p3202_1,1586,1597,Cancellieri,PER,Q3612445,Francesco Cancellieri,0.9804455644290305
https://digitalzibaldone.net/node/p3202_1,1619,1633,Corrispondenza,WORK,Q995950,Epistole,0.5131761998588352
https://digitalzibaldone.net/node/p3235_2,0,7,Platone,PER,Q859,Platone,0.9980115690733303
https://digitalzibaldone.net/node/p3235_2,12,19,Sofista,WORK,Q471715,Sofista (dialogo),0.9708360969647439
https://digitalzibaldone.net/node/p3235_2,49,54,Astio,PER,NIL,,0.3172482504178893
https://digitalzibaldone.net/node/p3235_2,64,69,Plat.,PER,Q859,Platone,0.8821882464069108
https://digitalzibaldone.net/node/p3235_2,70,75,Lips.,LOC,NIL,,0.0375588072016848
https://digitalzibaldone.net/node/p3235_2,112,114,A.,PER,NIL,,0.04784047886787694
https://digitalzibaldone.net/node/p3235_2,134,141,Dialogo,WORK,Q131395,Dialogo,0.8808835350266235
https://digitalzibaldone.net/node/p3235_2,300,304,Ast.,PER,NIL,,0.01775037594235084
https://digitalzibaldone.net/node/p3235_2,794,800,Astius,PER,NIL,,0.18009414518259984
https://digitalzibaldone.net/node/p3235_2,811,818,Platone,PER,Q859,Platone,0.9955431795236044
https://digitalzibaldone.net/node/p3235_2,1155,1162,Platone,PER,Q859,Platone,0.9961890066613165
https://digitalzibaldone.net/node/p3282_1,1107,1120,Giulio Cesare,PER,Q191039,Germanico Giulio Cesare,0.9944746022951214
https://digitalzibaldone.net/node/p3282_1,1137,1145,Svetonio,WORK,Q10133,Gaio Svetonio Tranquillo,0.970899997791716
https://digitalzibaldone.net/node/p3283_2,754,760,Gloss.,WORK,Q1132324,Glossa,0.617241681992002
https://digitalzibaldone.net/node/p3284_1,66,75,Perticari,PER,Q3769747,Giulio Perticari,0.9393571392144766
https://digitalzibaldone.net/node/p3312_2,332,342,S. Isidoro,PER,Q379685,Isidoro l'Agricoltore,0.823105715843969
https://digitalzibaldone.net/node/p3312_2,351,361,Forcellini,WORK,Q876333,Novellino,0.6046001084913736
https://digitalzibaldone.net/node/p3332_1,484,490,italia,LOC,Q38,Italia,0.9878108675608408
https://digitalzibaldone.net/node/p3332_1,1412,1418,italia,LOC,Q38,Italia,0.9874493351356008
https://digitalzibaldone.net/node/p3332_1,1849,1853,Cic.,PER,Q1541,Marco Tullio Cicerone,0.9922146037469106
https://digitalzibaldone.net/node/p3349_2,570,578,Voltaire,PER,Q9068,Voltaire,0.9988865512436037
https://digitalzibaldone.net/node/p3350_3,38,43,Forc.,WORK,NIL,,0.011993473749276784
https://digitalzibaldone.net/node/p3357_3,435,440,Scap.,WORK,NIL,,0.009446149059856643
https://digitalzibaldone.net/node/p3357_3,773,781,Forcell.,PER,Q550353,Egidio Forcellini,0.9727683871170685
https://digitalzibaldone.net/node/p3365_1,30,39,Louisiane,LOC,Q658054,Louisiana francese,0.5320280774448415
https://digitalzibaldone.net/node/p3365_1,55,61,France,LOC,NIL,,0.4826899092268931
https://digitalzibaldone.net/node/p3365_1,451,459,Voltaire,PER,Q9068,Voltaire,0.9989858316295233
https://digitalzibaldone.net/node/p3365_1,461,475,Correspondance,WORK,NIL,,0.050229201936763064
https://digitalzibaldone.net/node/p3365_1,509,520,Frédéric II,PER,Q467962,Frédéric Cuvier,0.9000293836055031
https://digitalzibaldone.net/node/p3365_1,529,543,M. de Voltaire,PER,Q9068,Voltaire,0.9121697134220127
https://digitalzibaldone.net/node/p3365_1,574,579,Cirey,LOC,Q2240551,Castello di Cirey,0.6434072616391386
https://digitalzibaldone.net/node/p3365_1,602,616,Correspondance,WORK,NIL,,0.16660630875448446
https://digitalzibaldone.net/node/p3365_1,620,631,Frédéric II,PER,Q467962,Frédéric Cuvier,0.6899127025263918
https://digitalzibaldone.net/node/p3365_1,633,646,Roi de Prusse,PER,Q2364460,Laurens de Graaf,0.6058336849754669
https://digitalzibaldone.net/node/p3365_1,696,707,Frédéric II,PER,Q467962,Frédéric Cuvier,0.9073152630285896
https://digitalzibaldone.net/node/p3365_1,709,722,Roi de Prusse,PER,NIL,,0.21335900528577542
https://digitalzibaldone.net/node/p3403_1,1229,1234,Floro,PER,Q316483,Floro,0.9950047939104354
https://digitalzibaldone.net/node/p3411_1,357,361,Rep.,WORK,NIL,,0.24271348719995012
https://digitalzibaldone.net/node/p3411_1,365,375,Aristotele,PER,Q868,Aristotele,0.9981381192911234
https://digitalzibaldone.net/node/p3465_1,488,494,italia,LOC,Q38,Italia,0.9901028375513696
https://digitalzibaldone.net/node/p3465_1,848,854,europa,LOC,Q46,Europa,0.9871598696628092
https://digitalzibaldone.net/node/p3491_3,494,502,Rousseau,PER,Q6527,Jean-Jacques Rousseau,0.9954351625440467
https://digitalzibaldone.net/node/p3541_1,346,356,Forcellini,WORK,Q876333,Novellino,0.6366098244731612
https://digitalzibaldone.net/node/p3541_2,107,115,Aristot.,PER,Q868,Aristotele,0.9668689768936594
https://digitalzibaldone.net/node/p3541_2,116,122,Polit.,WORK,NIL,,0.05838338382393267
https://digitalzibaldone.net/node/p3541_2,135,140,Flor.,LOC,NIL,,0.03275051138723679
https://digitalzibaldone.net/node/p3541_2,245,254,la Crusca,WORK,Q17154448,La Rettorica,0.9648626995144057
https://digitalzibaldone.net/node/p3544_1,38,45,Fabric.,PER,NIL,,0.004987313461794919
https://digitalzibaldone.net/node/p3544_1,96,109,de Corn. Nep.,WORK,NIL,,0.0990243556257717
https://digitalzibaldone.net/node/p3544_1,135,142,Catullo,PER,Q163079,Gaio Valerio Catullo,0.9475058234578665
https://digitalzibaldone.net/node/p3546_1,572,578,italia,LOC,Q38,Italia,0.9848123484730038
https://digitalzibaldone.net/node/p3568_2,128,137,Victorius,PER,NIL,,0.4769566670315558
https://digitalzibaldone.net/node/p3568_2,175,183,Aristot.,PER,NIL,,0.0062616430761840355
https://digitalzibaldone.net/node/p3568_2,184,190,Polit.,WORK,Q148837,Polis,0.8894743729038056
https://digitalzibaldone.net/node/p3568_2,201,206,Flor.,PER,NIL,,0.01148364881934949
https://digitalzibaldone.net/node/p3568_2,207,212,Iunt.,LOC,NIL,,0.08043913536645612
https://digitalzibaldone.net/node/p3569_2,597,607,Forcellini,WORK,Q3846125,Marco Forcellini,0.9012192604371824
https://digitalzibaldone.net/node/p3569_2,1355,1362,Erodoto,PER,Q26825,Erodoto,0.9982341052613714
https://digitalzibaldone.net/node/p3579_1,71,77,europa,LOC,Q46,Europa,0.991309055552245
https://digitalzibaldone.net/node/p3579_1,82,88,Spagna,LOC,Q29,Spagna,0.9916018456935045
https://digitalzibaldone.net/node/p3579_1,204,210,italia,LOC,Q38,Italia,0.9878108675608408
https://digitalzibaldone.net/node/p3579_1,339,345,Spagna,LOC,Q29,Spagna,0.9893937404589082
https://digitalzibaldone.net/node/p3579_1,727,734,ispagna,LOC,Q29,Spagna,0.9518736440641076
https://digitalzibaldone.net/node/p3579_1,920,926,Cristo,PER,Q642420,Cristo,0.9154978989091299
https://digitalzibaldone.net/node/p3579_1,944,952,Maometto,PER,Q9458,Maometto,0.9982512184005252
https://digitalzibaldone.net/node/p3593_1,14,19,Tasso,PER,NIL,,0.11390303547306312
https://digitalzibaldone.net/node/p3593_1,283,288,Ugone,PER,Q166234,Ugo Foscolo,0.6303589267901069
https://digitalzibaldone.net/node/p3593_1,291,299,Goffredo,PER,Q188344,Goffredo di Monmouth,0.9879140554631791
https://digitalzibaldone.net/node/p3593_1,311,318,Rinaldo,PER,Q727316,Rinaldo (paladino),0.9189724165821813
https://digitalzibaldone.net/node/p3593_1,403,408,Tasso,PER,Q168962,Torquato Tasso,0.9755326596977613
https://digitalzibaldone.net/node/p3593_1,722,727,Tasso,PER,Q168962,Torquato Tasso,0.9598004757423791
https://digitalzibaldone.net/node/p3593_1,1490,1495,Tasso,PER,Q168962,Torquato Tasso,0.9739959841398889
https://digitalzibaldone.net/node/p3604_1,1608,1613,Omero,PER,Q6691,Omero,0.9965182672021523
https://digitalzibaldone.net/node/p3604_1,1619,1625,iliade,WORK,Q8275,Iliade,0.9825832101810004
https://digitalzibaldone.net/node/p3613_1,45,51,iliade,WORK,Q8275,Iliade,0.9935460818305867
https://digitalzibaldone.net/node/p3613_1,474,479,Omero,PER,Q6691,Omero,0.9952264246100775
https://digitalzibaldone.net/node/p3613_1,1188,1194,iliade,WORK,Q8275,Iliade,0.9904707268042116
https://digitalzibaldone.net/node/p3621_2,53,61,Forcell.,WORK,NIL,,0.09160160569428208
https://digitalzibaldone.net/node/p3621_2,122,128,Desino,PER,NIL,,0.23114495526833412
https://digitalzibaldone.net/node/p3621_2,150,160,Forcellini,WORK,Q3846125,Marco Forcellini,0.906651205249609
https://digitalzibaldone.net/node/p3636_1,674,681,Alberti,PER,Q4747910,Alberti (cognome),0.7316974464225281
https://digitalzibaldone.net/node/p3636_1,957,962,Monti,PER,Q723643,Vincenzo Monti,0.9847292455557716
https://digitalzibaldone.net/node/p3636_1,963,970,Propos.,WORK,NIL,,0.14024156019190137
https://digitalzibaldone.net/node/p3636_1,1210,1219,Prudenzio,PER,Q347250,Prudenzio,0.9572176034279152
https://digitalzibaldone.net/node/p3684_5,112,123,S. Girolamo,PER,Q44248,San Girolamo,0.9513555388044296
https://digitalzibaldone.net/node/p3684_5,186,194,Forcell.,WORK,Q550353,Egidio Forcellini,0.7301377760457235
https://digitalzibaldone.net/node/p3684_5,215,221,Gloss.,WORK,Q1132324,Glossa,0.8440328182009997
https://digitalzibaldone.net/node/p3686_2,76,84,Forcell.,WORK,NIL,,0.24125694191949215
https://digitalzibaldone.net/node/p3687_1,405,410,Dante,PER,Q1067,Dante Alighieri,0.9943985360683046
https://digitalzibaldone.net/node/p3687_1,437,446,la Crusca,WORK,Q17154448,La Rettorica,0.7738001909193317
https://digitalzibaldone.net/node/p3695_1,336,344,Forcell.,WORK,NIL,,0.07251402993643526
https://digitalzibaldone.net/node/p3715_1,1221,1229,Cicerone,PER,Q1541,Marco Tullio Cicerone,0.9905802607041614
https://digitalzibaldone.net/node/p3715_1,1250,1255,Orat.,WORK,Q2028309,Orator,0.6368236347581272
https://digitalzibaldone.net/node/p3749_2,321,326,Omero,PER,Q6691,Omero,0.9971111861041227
https://digitalzibaldone.net/node/p3749_2,867,873,italia,LOC,Q38,Italia,0.9878108675608408
https://digitalzibaldone.net/node/p3749_2,1023,1029,italia,LOC,Q38,Italia,0.9879327896141715
https://digitalzibaldone.net/node/p3749_2,1594,1600,italia,LOC,Q38,Italia,0.9913073010261337
https://digitalzibaldone.net/node/p3754_1,275,280,Forc.,WORK,NIL,,0.395729338651471
https://digitalzibaldone.net/node/p3758_1,232,237,Forc.,WORK,NIL,,0.017410854502149815
https://digitalzibaldone.net/node/p3758_1,587,592,Forc.,WORK,NIL,,0.020475651658881495
https://digitalzibaldone.net/node/p3758_1,736,744,marcesco,PER,NIL,,0.11116857494761707
https://digitalzibaldone.net/node/p3758_1,796,801,Forc.,WORK,NIL,,0.03208316007742832
https://digitalzibaldone.net/node/p3811_4,1296,1323,Annali di Scienze e lettere,WORK,Q1636237,Regia accademia danese di scienze e lettere,0.8577583533772428
https://digitalzibaldone.net/node/p3811_4,1327,1333,Milano,LOC,Q490,Milano,0.9906965458232064
https://digitalzibaldone.net/node/p3828_1,16,24,Forcell.,WORK,NIL,,0.0011465527704724713
https://digitalzibaldone.net/node/p3828_1,371,381,gli spagn.,WORK,NIL,,0.04054245761155383
https://digitalzibaldone.net/node/p3830_1,731,737,italia,LOC,Q38,Italia,0.9878108675608408
https://digitalzibaldone.net/node/p3842_1,295,302,Creuzer,PER,Q69685,Friedrich Creuzer,0.8668405609424589
https://digitalzibaldone.net/node/p3842_1,303,339,Meletemata e disciplina antiquitatis,WORK,NIL,,0.06930790633933731
https://digitalzibaldone.net/node/p3842_1,349,354,Lips.,LOC,NIL,,0.018609124354051935
https://digitalzibaldone.net/node/p3845_2,93,100,Catullo,PER,Q163079,Gaio Valerio Catullo,0.981467636828609
https://digitalzibaldone.net/node/p3845_2,113,135,Paolo Diacono da Festo,PER,Q160424,Paolo Diacono,0.671977667320808
https://digitalzibaldone.net/node/p3858_1,205,211,italia,LOC,Q38,Italia,0.9878108675608408
https://digitalzibaldone.net/node/p3858_1,217,223,spagna,LOC,Q29,Spagna,0.9898256355286681
https://digitalzibaldone.net/node/p3858_1,311,317,italia,LOC,Q38,Italia,0.9878108675608408
https://digitalzibaldone.net/node/p3858_1,323,329,spagna,LOC,Q29,Spagna,0.9898256355286681
https://digitalzibaldone.net/node/p3858_1,791,797,europa,LOC,Q46,Europa,0.9901666941020166
https://digitalzibaldone.net/node/p3858_1,868,874,europa,LOC,Q46,Europa,0.9842395955611949
https://digitalzibaldone.net/node/p3858_1,1124,1131,ispagna,LOC,Q29,Spagna,0.9737715917485554
https://digitalzibaldone.net/node/p3858_1,1293,1299,italia,LOC,Q38,Italia,0.9878108675608408
https://digitalzibaldone.net/node/p3858_1,1307,1314,ispagna,LOC,Q29,Spagna,0.9485380543849966
https://digitalzibaldone.net/node/p3875_1,741,746,Forc.,WORK,NIL,,0.04403712639273438
https://digitalzibaldone.net/node/p3887_1,23,29,italia,LOC,Q38,Italia,0.9879327896141715
https://digitalzibaldone.net/node/p3887_1,86,95,Trivulzio,PER,Q742997,Gian Giacomo Trivulzio,0.9017291324291391
https://digitalzibaldone.net/node/p3887_1,100,112,Montecuccoli,PER,Q877126,Giovanni Battista Caprara Montecuccoli,0.9231837173565858
https://digitalzibaldone.net/node/p3887_1,241,262,Repubblica di Venezia,LOC,Q4948,Repubblica di Venezia,0.9956461113091285
https://digitalzibaldone.net/node/p3887_1,601,615,Bernardo Tasso,PER,Q823060,Bernardo Tasso,0.9861588825682744
https://digitalzibaldone.net/node/p3887_1,617,624,Lettere,WORK,Q133492,Lettera (messaggio),0.758083922084304
https://digitalzibaldone.net/node/p3887_1,1033,1041,Mazarino,PER,NIL,,0.4175769099587517
https://digitalzibaldone.net/node/p3887_1,1045,1053,Alberoni,PER,Q539927,Giulio Alberoni,0.9880161571503026
https://digitalzibaldone.net/node/p3887_1,1058,1069,Bentivoglio,PER,NIL,,0.01730541960078432
https://digitalzibaldone.net/node/p3887_1,1083,1093,Lucchesini,PER,Q21543936,Cesare Lucchesini,0.9697160114646951
https://digitalzibaldone.net/node/p3887_1,1355,1359,Roma,LOC,Q220,Roma,0.9599526304265071
https://digitalzibaldone.net/node/p3887_1,1447,1453,italia,LOC,Q38,Italia,0.9879327896141715
https://digitalzibaldone.net/node/p3887_1,1674,1680,europa,LOC,Q46,Europa,0.9919976545455723
https://digitalzibaldone.net/node/p3895_2,14,19,Venio,PER,NIL,,0.20750859057548215
https://digitalzibaldone.net/node/p3895_2,236,241,Tulli,PER,Q3610589,Alessio Tulli,0.9822087719292606
https://digitalzibaldone.net/node/p3895_2,311,362,Conspectus orthographiae cod. vaticani de republica,WORK,NIL,,0.05204606966827336
https://digitalzibaldone.net/node/p3895_2,366,373,Niebuhr,PER,Q60586,Barthold Georg Niebuhr,0.9901160974646172
https://digitalzibaldone.net/node/p3895_2,426,431,Tulli,PER,Q3610589,Alessio Tulli,0.9958567902833537
https://digitalzibaldone.net/node/p3902_1,62,67,Petr.,PER,NIL,,0.31239902042594847
https://digitalzibaldone.net/node/p3902_1,68,75,Sestina,WORK,Q1334127,Sestina,0.8010253202510126
https://digitalzibaldone.net/node/p3902_1,172,184,San Flaviano,PER,Q3947071,San Flavito,0.8706593228226289
https://digitalzibaldone.net/node/p3907_2,100,109,Feder. II,PER,Q33550,Federico II di Prussia,0.635810763418439
https://digitalzibaldone.net/node/p3907_2,169,177,Forcell.,WORK,NIL,,0.0005951293066218366
https://digitalzibaldone.net/node/p3931_3,66,77,Frédéric II,PER,Q467962,Frédéric Cuvier,0.825077434519918
https://digitalzibaldone.net/node/p3931_3,79,87,Epitre I,WORK,Q347878,Menandro I,0.746522762438252
https://digitalzibaldone.net/node/p3931_3,91,99,D'Argens,PER,Q705830,Jean-Baptiste Boyer d'Argens,0.9433903016452772
https://digitalzibaldone.net/node/p3931_3,101,136,Sur la faiblesse de l'esprit humain,WORK,NIL,,0.03745629306685343
https://digitalzibaldone.net/node/p3961_1,72,83,Diz. spagn.,WORK,NIL,,0.05455474768563903
https://digitalzibaldone.net/node/p3961_1,89,95,Gloss.,WORK,Q1132324,Glossa,0.7854720173289617
https://digitalzibaldone.net/node/p3963_1,75,80,Forc.,PER,NIL,,0.030300129289269357
https://digitalzibaldone.net/node/p3963_1,686,694,il Forc.,WORK,Q16564806,Il Roccolo,0.9074640960003936
https://digitalzibaldone.net/node/p3963_1,745,750,Forc.,PER,NIL,,0.002375069585728169
https://digitalzibaldone.net/node/p3963_1,868,873,Forc.,PER,NIL,,0.010288067478231496
https://digitalzibaldone.net/node/p3963_1,901,906,Forc.,PER,NIL,,0.0017850565169250567
https://digitalzibaldone.net/node/p3963_1,1326,1334,il Forc.,WORK,Q16564806,Il Roccolo,0.8417315297052124
https://digitalzibaldone.net/node/p3980_1,254,264,D. Quijote,WORK,NIL,,0.3978521408429543
https://digitalzibaldone.net/node/p3980_1,406,416,Cavalleria,WORK,Q47315,Cavalleria,0.9875944696500286
https://digitalzibaldone.net/node/p3980_1,441,447,Sancho,PER,Q878340,Sancho I di Maiorca,0.7079464428941773
https://digitalzibaldone.net/node/p3980_1,658,668,D. Quijote,WORK,NIL,,0.34855644224952675
https://digitalzibaldone.net/node/p3980_1,706,713,Amberes,LOC,NIL,,0.06677217128425404
https://digitalzibaldone.net/node/p3980_3,42,50,Forcell.,WORK,NIL,,0.14851684563737533
https://digitalzibaldone.net/node/p3986_3,273,281,Forcell.,WORK,NIL,,0.026713349530525975
https://digitalzibaldone.net/node/p3986_3,328,338,Caio Tizio,PER,Q947630,Marco Tizio,0.7968304880594044
https://digitalzibaldone.net/node/p3988_1,213,222,De Rogati,PER,Q15672757,Francesco Saverio De Rogati,0.9978953759806614
https://digitalzibaldone.net/node/p3988_1,246,252,Anacr.,PER,NIL,,0.3390349082373698
https://digitalzibaldone.net/node/p3988_1,267,274,Batillo,PER,Q791314,Batillo,0.9940206689784455
https://digitalzibaldone.net/node/p3988_1,499,508,Ippocrate,PER,Q5264,Ippocrate,0.9982657834715533
https://digitalzibaldone.net/node/p3992_5,254,264,D. Quijote,PER,NIL,,0.31284502902018235
https://digitalzibaldone.net/node/p3992_5,483,493,D. Quijote,PER,NIL,,0.0775000399015923
https://digitalzibaldone.net/node/p3992_5,520,529,Saputello,PER,Q735619,Masaniello,0.8130471746124588
https://digitalzibaldone.net/node/p3992_5,537,545,la Crus.,WORK,Q210113,La geometria,0.7766610861604945
https://digitalzibaldone.net/node/p3995_3,64,74,Anacreonte,PER,Q213484,Anacreonte,0.9889078553805819
https://digitalzibaldone.net/node/p4000_1,456,464,Petrarca,PER,Q1401,Francesco Petrarca,0.9945483842895876
https://digitalzibaldone.net/node/p4000_1,465,490,Canz. Una donna più bella,WORK,Q777574,Canzoniere (Petrarca),0.5357293273796121
https://digitalzibaldone.net/node/p4000_4,694,699,Forc.,WORK,NIL,,0.29697654829622994
https://digitalzibaldone.net/node/p4000_4,702,713,i Less. gr.,WORK,NIL,,0.04750674457023958
https://digitalzibaldone.net/node/p4000_4,919,925,Gloss.,WORK,Q1132324,Glossa,0.784760455717841
https://digitalzibaldone.net/node/p4000_4,933,939,Gloss.,WORK,NIL,,0.29063882263895185
