doc_id,start_pos,end_pos,type,identifier,score
https://digitalzibaldone.net/node/p2700_1,1510,1520,PER,Q978614,-2.875155448913574
https://digitalzibaldone.net/node/p2700_1,1530,1539,PER,Q2307037,-2.875155448913574
https://digitalzibaldone.net/node/p2700_1,1541,1558,WORK,Q1067,-2.875155448913574
https://digitalzibaldone.net/node/p2703_1,809,817,PER,Q1236889,-5.12168025970459
https://digitalzibaldone.net/node/p2703_1,156,184,WORK,Q3944836,-5.12168025970459
https://digitalzibaldone.net/node/p2703_1,969,978,WORK,Q338489,-5.12168025970459
https://digitalzibaldone.net/node/p2703_1,1282,1291,WORK,Q188672,-5.12168025970459
https://digitalzibaldone.net/node/p2703_1,1303,1313,WORK,Q1436657,-5.12168025970459
https://digitalzibaldone.net/node/p2705_1,114,120,LOC,Q38,-3.5336837768554688
https://digitalzibaldone.net/node/p2705_1,127,136,PER,Q2307037,-3.5336837768554688
https://digitalzibaldone.net/node/p2705_1,137,154,WORK,Q1067,-3.5336837768554688
https://digitalzibaldone.net/node/p2705_2,33,42,PER,Q2307037,-11.8065185546875
https://digitalzibaldone.net/node/p2705_2,43,66,WORK,Q2307037,-11.8065185546875
https://digitalzibaldone.net/node/p2705_3,589,598,PER,Q2307037,-4.401318073272705
https://digitalzibaldone.net/node/p2705_3,623,628,PER,Q723643,-4.401318073272705
https://digitalzibaldone.net/node/p2705_3,2172,2177,PER,Q9353,-4.401318073272705
https://digitalzibaldone.net/node/p2705_3,577,585,WORK,Q384515,-4.401318073272705
https://digitalzibaldone.net/node/p2705_3,611,619,WORK,Q3924026,-4.401318073272705
https://digitalzibaldone.net/node/p2708_1,0,8,PER,Q9191,-4.223172664642334
https://digitalzibaldone.net/node/p2708_1,171,179,PER,Q9191,-4.223172664642334
https://digitalzibaldone.net/node/p2708_1,426,432,PER,Q935,-4.223172664642334
https://digitalzibaldone.net/node/p2708_1,591,598,PER,Q859,-4.223172664642334
https://digitalzibaldone.net/node/p2709_1,473,481,PER,Q9191,-3.4557323455810547
https://digitalzibaldone.net/node/p2709_1,484,490,PER,Q935,-3.4557323455810547
https://digitalzibaldone.net/node/p2709_1,1309,1316,PER,Q154010,-3.4557323455810547
https://digitalzibaldone.net/node/p2711_1,1276,1286,LOC,Q99,-4.251858711242676
https://digitalzibaldone.net/node/p2715_1,0,9,PER,Q2307037,-3.3574206829071045
https://digitalzibaldone.net/node/p2715_1,11,32,WORK,Q378186,-3.3574206829071045
https://digitalzibaldone.net/node/p2715_2,89,97,PER,Q1401,-3.5427279472351074
https://digitalzibaldone.net/node/p2715_2,131,140,PER,Q1402,-3.5427279472351074
https://digitalzibaldone.net/node/p2715_2,147,156,PER,Q2307037,-3.5427279472351074
https://digitalzibaldone.net/node/p2715_2,157,178,WORK,Q2307037,-3.5427279472351074
https://digitalzibaldone.net/node/p2715_2,259,276,WORK,Q1067,-3.5427279472351074
https://digitalzibaldone.net/node/p2717_1,271,278,PER,Q859,-3.4175753593444824
https://digitalzibaldone.net/node/p2717_1,439,446,PER,Q859,-3.4175753593444824
https://digitalzibaldone.net/node/p2717_1,589,596,PER,Q859,-3.4175753593444824
https://digitalzibaldone.net/node/p2717_1,1370,1377,PER,Q859,-3.4175753593444824
https://digitalzibaldone.net/node/p2717_1,388,395,PER,Q913,-3.4175753593444824
https://digitalzibaldone.net/node/p2717_1,516,523,PER,Q913,-3.4175753593444824
https://digitalzibaldone.net/node/p2717_1,262,267,PER,Q52166,-3.4175753593444824
https://digitalzibaldone.net/node/p2717_1,398,403,PER,Q52166,-3.4175753593444824
https://digitalzibaldone.net/node/p2717_1,505,510,PER,Q310164,-3.4175753593444824
https://digitalzibaldone.net/node/p2717_1,376,383,WORK,Q131395,-3.4175753593444824
https://digitalzibaldone.net/node/p2717_1,757,765,WORK,Q3026037,-3.4175753593444824
https://digitalzibaldone.net/node/p2718_1,1892,1898,LOC,Q38,-6.4409403800964355
https://digitalzibaldone.net/node/p2718_1,132,141,PER,Q2307037,-6.4409403800964355
https://digitalzibaldone.net/node/p2718_1,2199,2208,PER,Q3762094,-6.4409403800964355
https://digitalzibaldone.net/node/p2718_1,149,171,WORK,Q2307037,-6.4409403800964355
https://digitalzibaldone.net/node/p2721_1,9,14,PER,Q1499745,-3.7096376419067383
https://digitalzibaldone.net/node/p2721_1,31,40,PER,Q2307037,-3.7096376419067383
https://digitalzibaldone.net/node/p2721_1,41,67,WORK,Q184725,-3.7096376419067383
https://digitalzibaldone.net/node/p2721_2,195,204,PER,Q2307037,-5.774719715118408
https://digitalzibaldone.net/node/p2721_3,0,10,PER,Q868,-9.086897850036621
https://digitalzibaldone.net/node/p2721_3,60,69,PER,Q868,-9.086897850036621
https://digitalzibaldone.net/node/p2721_4,215,223,PER,Q1541,-4.701529026031494
https://digitalzibaldone.net/node/p2721_4,224,234,WORK,Q1180629,-4.701529026031494
https://digitalzibaldone.net/node/p2722_1,1355,1360,LOC,Q2683,-9.468685150146484
https://digitalzibaldone.net/node/p2722_1,868,874,PER,Q6197,-9.468685150146484
https://digitalzibaldone.net/node/p2722_1,1175,1188,PER,Q7322,-9.468685150146484
https://digitalzibaldone.net/node/p2722_1,1339,1352,PER,Q7322,-9.468685150146484
https://digitalzibaldone.net/node/p2722_1,1365,1382,PER,Q3888919,-9.468685150146484
https://digitalzibaldone.net/node/p2722_1,1194,1233,WORK,Q28600,-9.468685150146484
https://digitalzibaldone.net/node/p2722_1,1419,1426,WORK,Q603773,-9.468685150146484
https://digitalzibaldone.net/node/p2722_1,1563,1570,WORK,Q603773,-9.468685150146484
https://digitalzibaldone.net/node/p2723_1,272,277,PER,Q334188,-3.963127851486206
https://digitalzibaldone.net/node/p2723_1,395,403,PER,Q1401,-3.963127851486206
https://digitalzibaldone.net/node/p2723_1,414,423,PER,Q1402,-3.963127851486206
https://digitalzibaldone.net/node/p2723_1,464,472,PER,Q1541,-3.963127851486206
https://digitalzibaldone.net/node/p2723_1,477,483,PER,Q6197,-3.963127851486206
https://digitalzibaldone.net/node/p2727_1,432,440,PER,Q1541,-4.658863067626953
https://digitalzibaldone.net/node/p2728_1,532,539,PER,Q859,-9.612895011901855
https://digitalzibaldone.net/node/p2728_1,603,613,PER,Q868,-9.612895011901855
https://digitalzibaldone.net/node/p2728_1,619,628,PER,Q160362,-9.612895011901855
https://digitalzibaldone.net/node/p2728_1,1223,1228,PER,Q312420,-9.612895011901855
https://digitalzibaldone.net/node/p2728_1,1439,1444,PER,Q312420,-9.612895011901855
https://digitalzibaldone.net/node/p2728_1,1354,1363,PER,Q5264,-9.612895011901855
https://digitalzibaldone.net/node/p2728_1,1500,1506,PER,Q82778,-9.612895011901855
https://digitalzibaldone.net/node/p2728_1,1615,1619,PER,Q89,-9.612895011901855
https://digitalzibaldone.net/node/p2728_1,1621,1627,PER,Q520487,-9.612895011901855
https://digitalzibaldone.net/node/p2728_1,1629,1636,PER,Q206119,-9.612895011901855
https://digitalzibaldone.net/node/p2728_1,1638,1645,PER,Q4298,-9.612895011901855
https://digitalzibaldone.net/node/p2728_1,1647,1656,PER,Q452676,-9.612895011901855
https://digitalzibaldone.net/node/p2728_1,1671,1678,PER,Q307,-9.612895011901855
https://digitalzibaldone.net/node/p2728_1,1766,1774,PER,Q1092339,-9.612895011901855
https://digitalzibaldone.net/node/p2728_1,1812,1818,PER,Q229264,-9.612895011901855
https://digitalzibaldone.net/node/p2728_1,2656,2662,PER,Q229264,-9.612895011901855
https://digitalzibaldone.net/node/p2728_1,3153,3159,PER,Q229264,-9.612895011901855
https://digitalzibaldone.net/node/p2728_1,2201,2207,PER,Q1685301,-9.612895011901855
https://digitalzibaldone.net/node/p2728_1,1776,1806,WORK,Q842337,-9.612895011901855
https://digitalzibaldone.net/node/p2728_1,2213,2223,WORK,Q333,-9.612895011901855
https://digitalzibaldone.net/node/p2731_1,208,212,LOC,Q313,-7.882739543914795
https://digitalzibaldone.net/node/p2731_1,192,199,PER,Q1441240,-7.882739543914795
https://digitalzibaldone.net/node/p2731_1,787,793,PER,Q229264,-7.882739543914795
https://digitalzibaldone.net/node/p2731_1,201,207,WORK,Q9453,-7.882739543914795
https://digitalzibaldone.net/node/p2731_2,395,410,LOC,Q16869,-4.893427848815918
https://digitalzibaldone.net/node/p2731_2,493,499,LOC,Q2277,-4.893427848815918
https://digitalzibaldone.net/node/p2731_2,2104,2110,LOC,Q48349,-4.893427848815918
https://digitalzibaldone.net/node/p2731_2,1569,1575,LOC,Q11772,-4.893427848815918
https://digitalzibaldone.net/node/p2731_2,1879,1885,LOC,Q11772,-4.893427848815918
https://digitalzibaldone.net/node/p2731_2,147,153,PER,Q2161,-4.893427848815918
https://digitalzibaldone.net/node/p2731_2,176,186,PER,Q1419,-4.893427848815918
https://digitalzibaldone.net/node/p2731_2,503,513,PER,Q1419,-4.893427848815918
https://digitalzibaldone.net/node/p2731_2,322,329,PER,Q190368,-4.893427848815918
https://digitalzibaldone.net/node/p2731_2,331,336,PER,Q185223,-4.893427848815918
https://digitalzibaldone.net/node/p2731_2,338,346,PER,Q313056,-4.893427848815918
https://digitalzibaldone.net/node/p2731_2,429,437,PER,Q186153,-4.893427848815918
https://digitalzibaldone.net/node/p2731_2,439,445,PER,Q233136,-4.893427848815918
https://digitalzibaldone.net/node/p2731_2,447,453,PER,Q226858,-4.893427848815918
https://digitalzibaldone.net/node/p2731_2,679,686,PER,Q172198,-4.893427848815918
https://digitalzibaldone.net/node/p2731_2,720,726,PER,Q311456,-4.893427848815918
https://digitalzibaldone.net/node/p2731_2,952,959,PER,Q26825,-4.893427848815918
https://digitalzibaldone.net/node/p2731_2,603,621,WORK,Q1645493,-4.893427848815918
https://digitalzibaldone.net/node/p2734_1,363,367,LOC,Q617,-13.087769508361816
https://digitalzibaldone.net/node/p2734_1,482,495,LOC,Q1064023,-13.087769508361816
https://digitalzibaldone.net/node/p2734_1,642,648,LOC,Q38,-13.087769508361816
https://digitalzibaldone.net/node/p2734_1,792,799,LOC,Q205653,-13.087769508361816
https://digitalzibaldone.net/node/p2734_1,832,839,LOC,Q205653,-13.087769508361816
https://digitalzibaldone.net/node/p2734_1,893,899,LOC,Q11772,-13.087769508361816
https://digitalzibaldone.net/node/p2734_1,113,122,PER,Q44344,-13.087769508361816
https://digitalzibaldone.net/node/p2734_1,284,293,PER,Q44344,-13.087769508361816
https://digitalzibaldone.net/node/p2734_1,314,320,PER,Q1587432,-13.087769508361816
https://digitalzibaldone.net/node/p2734_1,340,350,PER,Q44024,-13.087769508361816
https://digitalzibaldone.net/node/p2734_1,396,404,PER,Q317014,-13.087769508361816
https://digitalzibaldone.net/node/p2734_1,409,416,PER,Q142999,-13.087769508361816
https://digitalzibaldone.net/node/p2734_1,578,586,PER,Q454652,-13.087769508361816
https://digitalzibaldone.net/node/p2734_1,588,595,PER,Q166876,-13.087769508361816
https://digitalzibaldone.net/node/p2734_1,722,727,PER,Q6691,-13.087769508361816
https://digitalzibaldone.net/node/p2734_1,732,740,PER,Q118992,-13.087769508361816
https://digitalzibaldone.net/node/p2734_1,959,973,PER,Q3036364,-13.087769508361816
https://digitalzibaldone.net/node/p2734_1,297,309,WORK,Q187685,-13.087769508361816
https://digitalzibaldone.net/node/p2734_1,276,280,WORK,Q46452,-13.087769508361816
https://digitalzibaldone.net/node/p2734_1,332,336,WORK,Q46452,-13.087769508361816
https://digitalzibaldone.net/node/p2734_1,382,393,WORK,Q185363,-13.087769508361816
https://digitalzibaldone.net/node/p2734_1,948,955,WORK,Q16770068,-13.087769508361816
https://digitalzibaldone.net/node/p2735_1,880,893,LOC,Q178897,-4.244577407836914
https://digitalzibaldone.net/node/p2735_1,374,378,PER,Q1541,-4.244577407836914
https://digitalzibaldone.net/node/p2735_1,944,952,PER,Q1541,-4.244577407836914
https://digitalzibaldone.net/node/p2735_1,380,402,WORK,Q3922215,-4.244577407836914
https://digitalzibaldone.net/node/p2738_1,199,212,PER,Q49767,-6.369590759277344
https://digitalzibaldone.net/node/p2738_1,606,619,PER,Q49767,-6.369590759277344
https://digitalzibaldone.net/node/p2738_1,357,361,WORK,Q16890724,-6.369590759277344
https://digitalzibaldone.net/node/p2739_1,220,224,LOC,Q220,-1.968610167503357
https://digitalzibaldone.net/node/p2739_1,34,39,PER,Q1343364,-1.968610167503357
https://digitalzibaldone.net/node/p2739_1,181,185,PER,Q1541,-1.968610167503357
https://digitalzibaldone.net/node/p2739_1,253,256,PER,Q234028,-1.968610167503357
https://digitalzibaldone.net/node/p2739_1,187,196,WORK,Q656161,-1.968610167503357
https://digitalzibaldone.net/node/p2740_1,412,418,PER,Q82778,-2.9275169372558594
https://digitalzibaldone.net/node/p2740_1,4180,4186,PER,Q82778,-2.9275169372558594
https://digitalzibaldone.net/node/p2740_1,423,431,PER,Q273003,-2.9275169372558594
https://digitalzibaldone.net/node/p2740_1,4317,4325,PER,Q273003,-2.9275169372558594
https://digitalzibaldone.net/node/p2740_1,459,477,PER,Q1411,-2.9275169372558594
https://digitalzibaldone.net/node/p2740_1,4198,4206,PER,Q252387,-2.9275169372558594
https://digitalzibaldone.net/node/p2747_1,2979,2984,LOC,Q148,-2.54919695854187
https://digitalzibaldone.net/node/p2757_1,282,288,LOC,Q1243,-2.7260711193084717
https://digitalzibaldone.net/node/p2757_1,513,518,LOC,Q220,-2.7260711193084717
https://digitalzibaldone.net/node/p2757_1,181,191,PER,Q192365,-2.7260711193084717
https://digitalzibaldone.net/node/p2757_1,269,277,PER,Q192365,-2.7260711193084717
https://digitalzibaldone.net/node/p2757_1,52,61,WORK,Q1632902,-2.7260711193084717
https://digitalzibaldone.net/node/p2757_1,192,240,WORK,Q192365,-2.7260711193084717
https://digitalzibaldone.net/node/p2757_1,581,592,WORK,Q16621795,-2.7260711193084717
https://digitalzibaldone.net/node/p2757_1,608,620,WORK,Q3502928,-2.7260711193084717
https://digitalzibaldone.net/node/p2757_2,543,550,PER,Q809482,-10.86828327178955
https://digitalzibaldone.net/node/p2757_2,846,854,PER,Q1398,-10.86828327178955
https://digitalzibaldone.net/node/p2757_2,551,587,WORK,Q3995831,-10.86828327178955
https://digitalzibaldone.net/node/p2759_2,57,62,PER,Q6691,-5.348052501678467
https://digitalzibaldone.net/node/p2759_2,972,977,PER,Q6691,-5.348052501678467
https://digitalzibaldone.net/node/p2759_2,76,84,PER,Q1398,-5.348052501678467
https://digitalzibaldone.net/node/p2759_2,487,494,PER,Q41746,-5.348052501678467
https://digitalzibaldone.net/node/p2759_2,508,512,PER,Q82732,-5.348052501678467
https://digitalzibaldone.net/node/p2759_2,564,568,PER,Q82732,-5.348052501678467
https://digitalzibaldone.net/node/p2759_2,583,589,PER,Q10835843,-5.348052501678467
https://digitalzibaldone.net/node/p2759_2,734,742,PER,Q2048018,-5.348052501678467
https://digitalzibaldone.net/node/p2759_2,765,771,PER,Q579014,-5.348052501678467
https://digitalzibaldone.net/node/p2759_2,998,1005,PER,Q171839,-5.348052501678467
https://digitalzibaldone.net/node/p2759_2,1070,1080,PER,Q128176,-5.348052501678467
https://digitalzibaldone.net/node/p2759_2,540,546,WORK,Q60220,-5.348052501678467
https://digitalzibaldone.net/node/p2761_1,101,106,PER,Q6691,-4.75417423248291
https://digitalzibaldone.net/node/p2761_1,541,546,PER,Q6691,-4.75417423248291
https://digitalzibaldone.net/node/p2761_1,862,867,PER,Q6691,-4.75417423248291
https://digitalzibaldone.net/node/p2761_1,154,162,PER,Q1398,-4.75417423248291
https://digitalzibaldone.net/node/p2761_1,375,383,PER,Q1398,-4.75417423248291
https://digitalzibaldone.net/node/p2761_1,654,662,PER,Q1398,-4.75417423248291
https://digitalzibaldone.net/node/p2761_1,233,237,PER,Q82732,-4.75417423248291
https://digitalzibaldone.net/node/p2761_1,430,434,PER,Q82732,-4.75417423248291
https://digitalzibaldone.net/node/p2761_1,745,749,PER,Q82732,-4.75417423248291
https://digitalzibaldone.net/node/p2762_1,20,25,PER,Q6691,-2.1120848655700684
https://digitalzibaldone.net/node/p2762_1,737,742,PER,Q6691,-2.1120848655700684
https://digitalzibaldone.net/node/p2762_1,1701,1706,PER,Q6691,-2.1120848655700684
https://digitalzibaldone.net/node/p2762_1,1912,1917,PER,Q6691,-2.1120848655700684
https://digitalzibaldone.net/node/p2762_1,1968,1973,PER,Q6691,-2.1120848655700684
https://digitalzibaldone.net/node/p2762_1,2096,2101,PER,Q6691,-2.1120848655700684
https://digitalzibaldone.net/node/p2762_1,2695,2700,PER,Q6691,-2.1120848655700684
https://digitalzibaldone.net/node/p2762_1,520,528,PER,Q1398,-2.1120848655700684
https://digitalzibaldone.net/node/p2762_1,2338,2346,PER,Q1398,-2.1120848655700684
https://digitalzibaldone.net/node/p2762_1,892,896,PER,Q82732,-2.1120848655700684
https://digitalzibaldone.net/node/p2762_1,1120,1124,PER,Q82732,-2.1120848655700684
https://digitalzibaldone.net/node/p2762_1,1613,1617,PER,Q82732,-2.1120848655700684
https://digitalzibaldone.net/node/p2762_1,1814,1818,PER,Q82732,-2.1120848655700684
https://digitalzibaldone.net/node/p2762_1,2375,2379,PER,Q82732,-2.1120848655700684
https://digitalzibaldone.net/node/p2762_1,2529,2535,PER,Q905162,-2.1120848655700684
https://digitalzibaldone.net/node/p2762_1,2587,2600,PER,Q49767,-2.1120848655700684
https://digitalzibaldone.net/node/p2762_1,2715,2722,PER,Q510737,-2.1120848655700684
https://digitalzibaldone.net/node/p2762_1,2605,2612,WORK,Q3233736,-2.1120848655700684
https://digitalzibaldone.net/node/p2765_1,55,60,PER,Q6691,-5.327085018157959
https://digitalzibaldone.net/node/p2767_1,7,12,PER,Q6691,-2.324693441390991
https://digitalzibaldone.net/node/p2767_1,1520,1525,PER,Q6691,-2.324693441390991
https://digitalzibaldone.net/node/p2767_1,1840,1845,PER,Q6691,-2.324693441390991
https://digitalzibaldone.net/node/p2767_1,2262,2267,PER,Q6691,-2.324693441390991
https://digitalzibaldone.net/node/p2767_1,24,30,PER,Q170473,-2.324693441390991
https://digitalzibaldone.net/node/p2767_1,463,469,PER,Q170473,-2.324693441390991
https://digitalzibaldone.net/node/p2767_1,494,500,PER,Q170473,-2.324693441390991
https://digitalzibaldone.net/node/p2767_1,591,597,PER,Q170473,-2.324693441390991
https://digitalzibaldone.net/node/p2767_1,42,49,PER,Q41746,-2.324693441390991
https://digitalzibaldone.net/node/p2767_1,300,307,PER,Q41746,-2.324693441390991
https://digitalzibaldone.net/node/p2767_1,1059,1066,PER,Q41746,-2.324693441390991
https://digitalzibaldone.net/node/p2767_1,1571,1578,PER,Q41746,-2.324693441390991
https://digitalzibaldone.net/node/p2767_1,1722,1729,PER,Q41746,-2.324693441390991
https://digitalzibaldone.net/node/p2767_1,2298,2305,PER,Q41746,-2.324693441390991
https://digitalzibaldone.net/node/p2767_1,2523,2530,PER,Q41746,-2.324693441390991
https://digitalzibaldone.net/node/p2767_1,553,561,PER,Q186271,-2.324693441390991
https://digitalzibaldone.net/node/p2767_1,813,818,PER,Q4649,-2.324693441390991
https://digitalzibaldone.net/node/p2767_1,832,836,PER,Q184437,-2.324693441390991
https://digitalzibaldone.net/node/p2770_1,22,27,PER,Q6691,-5.135397911071777
https://digitalzibaldone.net/node/p2771_1,241,245,PER,Q204064,-6.29317045211792
https://digitalzibaldone.net/node/p2771_3,2548,2556,PER,Q129772,-2.2550876140594482
https://digitalzibaldone.net/node/p2771_3,2557,2564,WORK,Q278658,-2.2550876140594482
https://digitalzibaldone.net/node/p2774_1,634,639,PER,Q677997,-3.4093241691589355
https://digitalzibaldone.net/node/p2775_1,734,741,PER,Q3772467,-13.054405212402344
https://digitalzibaldone.net/node/p2775_1,819,827,PER,Q825896,-13.054405212402344
https://digitalzibaldone.net/node/p2776_1,849,854,PER,Q3951569,-4.7790117263793945
https://digitalzibaldone.net/node/p2776_1,2113,2117,PER,Q1541,-4.7790117263793945
https://digitalzibaldone.net/node/p2778_1,1690,1696,PER,Q228002,-2.71250319480896
https://digitalzibaldone.net/node/p2778_1,1742,1747,PER,Q859,-2.71250319480896
https://digitalzibaldone.net/node/p2778_1,1753,1760,PER,Q17487893,-2.71250319480896
https://digitalzibaldone.net/node/p2778_1,1697,1721,WORK,Q178161,-2.71250319480896
https://digitalzibaldone.net/node/p2778_1,1767,1773,WORK,Q215495,-2.71250319480896
https://digitalzibaldone.net/node/p2779_2,487,491,LOC,Q276173,-3.853879928588867
https://digitalzibaldone.net/node/p2779_2,474,483,WORK,Q3209442,-3.853879928588867
https://digitalzibaldone.net/node/p2780_1,234,244,WORK,Q26972565,-9.430724143981934
https://digitalzibaldone.net/node/p2781_1,931,937,LOC,Q35497,-3.0531063079833984
https://digitalzibaldone.net/node/p2782_1,89,95,LOC,Q38,-2.8029747009277344
https://digitalzibaldone.net/node/p2782_1,370,376,LOC,Q38,-2.8029747009277344
https://digitalzibaldone.net/node/p2782_1,719,725,LOC,Q38,-2.8029747009277344
https://digitalzibaldone.net/node/p2782_1,293,300,LOC,Q150,-2.8029747009277344
https://digitalzibaldone.net/node/p2783_1,109,116,LOC,Q150,-3.2855417728424072
https://digitalzibaldone.net/node/p2783_1,736,745,PER,Q3769747,-3.2855417728424072
https://digitalzibaldone.net/node/p2783_1,746,754,WORK,Q2000718,-3.2855417728424072
https://digitalzibaldone.net/node/p2786_1,406,413,PER,Q577430,-4.176945209503174
https://digitalzibaldone.net/node/p2786_1,2187,2194,PER,Q3772467,-4.176945209503174
https://digitalzibaldone.net/node/p2786_1,536,544,PER,Q825896,-4.176945209503174
https://digitalzibaldone.net/node/p2786_1,744,752,PER,Q212475,-4.176945209503174
https://digitalzibaldone.net/node/p2786_1,1363,1371,PER,Q13888,-4.176945209503174
https://digitalzibaldone.net/node/p2786_1,2057,2065,PER,Q13888,-4.176945209503174
https://digitalzibaldone.net/node/p2786_1,2231,2239,PER,Q13888,-4.176945209503174
https://digitalzibaldone.net/node/p2786_1,1814,1822,PER,Q41683,-4.176945209503174
https://digitalzibaldone.net/node/p2786_1,1828,1835,PER,Q859,-4.176945209503174
https://digitalzibaldone.net/node/p2786_1,2200,2206,PER,Q493486,-4.176945209503174
https://digitalzibaldone.net/node/p2786_1,643,650,WORK,Q35160,-4.176945209503174
https://digitalzibaldone.net/node/p2786_1,766,773,WORK,Q35160,-4.176945209503174
https://digitalzibaldone.net/node/p2786_1,670,678,WORK,Q1153021,-4.176945209503174
https://digitalzibaldone.net/node/p2786_1,812,820,WORK,Q156498,-4.176945209503174
https://digitalzibaldone.net/node/p2788_1,311,319,PER,Q13888,-7.534055709838867
https://digitalzibaldone.net/node/p2788_1,738,746,PER,Q13888,-7.534055709838867
https://digitalzibaldone.net/node/p2788_1,359,365,PER,Q1990745,-7.534055709838867
https://digitalzibaldone.net/node/p2788_1,879,884,PER,Q6691,-7.534055709838867
https://digitalzibaldone.net/node/p2788_1,1143,1148,PER,Q6691,-7.534055709838867
https://digitalzibaldone.net/node/p2788_1,1414,1421,PER,Q7235,-7.534055709838867
https://digitalzibaldone.net/node/p2788_1,799,806,WORK,Q35160,-7.534055709838867
https://digitalzibaldone.net/node/p2788_1,908,914,WORK,Q35160,-7.534055709838867
https://digitalzibaldone.net/node/p2788_1,968,974,WORK,Q8275,-7.534055709838867
https://digitalzibaldone.net/node/p2788_1,1757,1765,WORK,Q1211210,-7.534055709838867
https://digitalzibaldone.net/node/p2790_1,18,26,PER,Q415451,-3.7087459564208984
https://digitalzibaldone.net/node/p2790_1,55,64,PER,Q415451,-3.7087459564208984
https://digitalzibaldone.net/node/p2790_1,509,515,PER,Q44233,-3.7087459564208984
https://digitalzibaldone.net/node/p2790_1,537,542,PER,Q189527,-3.7087459564208984
https://digitalzibaldone.net/node/p2790_1,551,556,PER,Q400922,-3.7087459564208984
https://digitalzibaldone.net/node/p2790_1,1219,1224,PER,Q6691,-3.7087459564208984
https://digitalzibaldone.net/node/p2790_1,1264,1269,PER,Q1067,-3.7087459564208984
https://digitalzibaldone.net/node/p2790_1,1290,1295,PER,Q723643,-3.7087459564208984
https://digitalzibaldone.net/node/p2790_1,191,199,WORK,Q156498,-3.7087459564208984
https://digitalzibaldone.net/node/p2790_1,427,433,WORK,Q8275,-3.7087459564208984
https://digitalzibaldone.net/node/p2790_1,1442,1448,WORK,Q8275,-3.7087459564208984
https://digitalzibaldone.net/node/p2790_1,1302,1310,WORK,Q1067,-3.7087459564208984
https://digitalzibaldone.net/node/p2790_1,1378,1384,WORK,Q35160,-3.7087459564208984
https://digitalzibaldone.net/node/p2790_1,1479,1486,WORK,Q35160,-3.7087459564208984
https://digitalzibaldone.net/node/p2791_1,198,205,WORK,Q35160,-8.445330619812012
https://digitalzibaldone.net/node/p2792_1,875,882,LOC,Q727,-4.5209059715271
https://digitalzibaldone.net/node/p2792_1,300,305,PER,Q6691,-4.5209059715271
https://digitalzibaldone.net/node/p2792_1,665,670,PER,Q6691,-4.5209059715271
https://digitalzibaldone.net/node/p2792_1,310,316,PER,Q44233,-4.5209059715271
https://digitalzibaldone.net/node/p2792_1,538,546,PER,Q453465,-4.5209059715271
https://digitalzibaldone.net/node/p2792_1,557,564,PER,Q3772467,-4.5209059715271
https://digitalzibaldone.net/node/p2792_1,861,868,PER,Q751644,-4.5209059715271
https://digitalzibaldone.net/node/p2792_1,498,505,WORK,Q35160,-4.5209059715271
https://digitalzibaldone.net/node/p2792_2,17,23,PER,Q1067679,-2.3873915672302246
https://digitalzibaldone.net/node/p2792_2,52,56,WORK,Q60220,-2.3873915672302246
https://digitalzibaldone.net/node/p2793_2,131,138,PER,Q3953273,-5.445613384246826
https://digitalzibaldone.net/node/p2793_2,230,237,PER,Q20099174,-5.445613384246826
https://digitalzibaldone.net/node/p2793_2,2553,2561,PER,Q203445,-5.445613384246826
https://digitalzibaldone.net/node/p2793_2,2626,2635,PER,Q111224,-5.445613384246826
https://digitalzibaldone.net/node/p2793_2,169,201,WORK,Q18342738,-5.445613384246826
https://digitalzibaldone.net/node/p2793_2,238,243,WORK,Q1048,-5.445613384246826
https://digitalzibaldone.net/node/p2793_2,2596,2611,WORK,Q842337,-5.445613384246826
https://digitalzibaldone.net/node/p2793_2,2636,2665,WORK,Q203445,-5.445613384246826
https://digitalzibaldone.net/node/p2796_1,467,484,PER,Q3750514,-3.6590378284454346
https://digitalzibaldone.net/node/p2796_1,500,516,PER,Q186153,-3.6590378284454346
https://digitalzibaldone.net/node/p2796_1,543,552,PER,Q186153,-3.6590378284454346
https://digitalzibaldone.net/node/p2796_1,619,626,PER,Q1232665,-3.6590378284454346
https://digitalzibaldone.net/node/p2796_1,524,539,WORK,Q24905,-3.6590378284454346
https://digitalzibaldone.net/node/p2796_1,630,635,WORK,Q1048,-3.6590378284454346
https://digitalzibaldone.net/node/p2796_2,57,68,PER,Q211133,-3.066659450531006
https://digitalzibaldone.net/node/p2799_1,579,589,PER,Q1385235,-8.340614318847656
https://digitalzibaldone.net/node/p2799_1,710,724,PER,Q236594,-8.340614318847656
https://digitalzibaldone.net/node/p2799_1,749,763,PER,Q664748,-8.340614318847656
https://digitalzibaldone.net/node/p2799_1,802,810,PER,Q18011357,-8.340614318847656
https://digitalzibaldone.net/node/p2799_1,874,882,PER,Q18011357,-8.340614318847656
https://digitalzibaldone.net/node/p2799_1,1122,1130,PER,Q18011357,-8.340614318847656
https://digitalzibaldone.net/node/p2799_1,1302,1309,PER,Q18011357,-8.340614318847656
https://digitalzibaldone.net/node/p2799_1,701,706,WORK,Q571,-8.340614318847656
https://digitalzibaldone.net/node/p2799_1,812,817,WORK,Q6382871,-8.340614318847656
https://digitalzibaldone.net/node/p2799_1,1091,1105,WORK,Q735763,-8.340614318847656
https://digitalzibaldone.net/node/p2804_1,2200,2204,LOC,Q11225429,-4.63394021987915
https://digitalzibaldone.net/node/p2804_1,2171,2176,PER,Q1320718,-4.63394021987915
https://digitalzibaldone.net/node/p2804_1,2187,2192,PER,Q130890,-4.63394021987915
https://digitalzibaldone.net/node/p2804_1,3152,3157,PER,Q6197,-4.63394021987915
https://digitalzibaldone.net/node/p2804_1,115,133,WORK,Q325026,-4.63394021987915
https://digitalzibaldone.net/node/p2804_1,3158,3168,WORK,Q1337026,-4.63394021987915
https://digitalzibaldone.net/node/p2809_1,662,667,LOC,Q7695,-2.6094794273376465
https://digitalzibaldone.net/node/p2809_1,1203,1209,LOC,Q495,-2.6094794273376465
https://digitalzibaldone.net/node/p2809_1,1349,1355,LOC,Q641,-2.6094794273376465
https://digitalzibaldone.net/node/p2809_1,1530,1536,LOC,Q641,-2.6094794273376465
https://digitalzibaldone.net/node/p2809_1,1673,1677,LOC,Q32724,-2.6094794273376465
https://digitalzibaldone.net/node/p2809_1,1044,1062,PER,Q177854,-2.6094794273376465
https://digitalzibaldone.net/node/p2809_1,1086,1101,PER,Q49237,-2.6094794273376465
https://digitalzibaldone.net/node/p2809_1,1342,1347,PER,Q3749932,-2.6094794273376465
https://digitalzibaldone.net/node/p2809_1,1365,1392,PER,Q1490296,-2.6094794273376465
https://digitalzibaldone.net/node/p2809_1,1513,1526,PER,Q941151,-2.6094794273376465
https://digitalzibaldone.net/node/p2809_1,1682,1710,PER,Q3684376,-2.6094794273376465
https://digitalzibaldone.net/node/p2809_1,1766,1772,PER,Q299709,-2.6094794273376465
https://digitalzibaldone.net/node/p2809_1,1011,1017,WORK,Q338489,-2.6094794273376465
https://digitalzibaldone.net/node/p2809_1,1625,1631,WORK,Q188672,-2.6094794273376465
https://digitalzibaldone.net/node/p2809_1,1076,1083,WORK,Q133492,-2.6094794273376465
https://digitalzibaldone.net/node/p2809_1,1786,1793,WORK,Q133492,-2.6094794273376465
https://digitalzibaldone.net/node/p2809_1,1184,1189,WORK,Q3924076,-2.6094794273376465
https://digitalzibaldone.net/node/p2809_1,1285,1327,WORK,Q3845145,-2.6094794273376465
https://digitalzibaldone.net/node/p2809_1,1427,1500,WORK,Q941151,-2.6094794273376465
https://digitalzibaldone.net/node/p2809_1,1639,1671,WORK,Q654807,-2.6094794273376465
https://digitalzibaldone.net/node/p2809_1,1750,1762,WORK,Q1446925,-2.6094794273376465
https://digitalzibaldone.net/node/p2811_1,199,204,PER,Q6691,-0.11668822914361954
https://digitalzibaldone.net/node/p2811_1,247,255,PER,Q41523,-0.11668822914361954
https://digitalzibaldone.net/node/p2811_2,25,33,PER,Q1146398,-4.445711135864258
https://digitalzibaldone.net/node/p2811_2,332,339,PER,Q494785,-4.445711135864258
https://digitalzibaldone.net/node/p2811_2,37,47,WORK,Q8216,-4.445711135864258
https://digitalzibaldone.net/node/p2811_2,340,345,WORK,Q435,-4.445711135864258
https://digitalzibaldone.net/node/p2813_1,1146,1154,PER,Q1398,-2.823373794555664
https://digitalzibaldone.net/node/p2813_1,1155,1159,WORK,Q1398,-2.823373794555664
https://digitalzibaldone.net/node/p2815_1,230,240,PER,Q26972565,-3.6906092166900635
https://digitalzibaldone.net/node/p2815_1,406,412,WORK,Q60220,-3.6906092166900635
https://digitalzibaldone.net/node/p2815_1,440,446,WORK,Q674439,-3.6906092166900635
https://digitalzibaldone.net/node/p2819_2,333,341,PER,Q1541,-2.39186429977417
https://digitalzibaldone.net/node/p2819_2,395,405,WORK,Q1436657,-2.39186429977417
https://digitalzibaldone.net/node/p2819_2,484,492,WORK,Q1436657,-2.39186429977417
https://digitalzibaldone.net/node/p2819_2,495,506,WORK,Q3502928,-2.39186429977417
https://digitalzibaldone.net/node/p2820_2,525,535,WORK,Q48832071,-8.557395935058594
https://digitalzibaldone.net/node/p2820_3,724,730,PER,Q243203,-4.949419021606445
https://digitalzibaldone.net/node/p2820_3,766,776,WORK,Q1436657,-4.949419021606445
https://digitalzibaldone.net/node/p2821_1,86,96,WORK,Q48832071,-8.640488624572754
https://digitalzibaldone.net/node/p2821_3,21,26,PER,Q249707,-2.2827064990997314
https://digitalzibaldone.net/node/p2821_3,1327,1332,PER,Q249707,-2.2827064990997314
https://digitalzibaldone.net/node/p2821_3,43,49,PER,Q180081,-2.2827064990997314
https://digitalzibaldone.net/node/p2821_3,1376,1382,PER,Q180081,-2.2827064990997314
https://digitalzibaldone.net/node/p2821_3,1463,1469,PER,Q180081,-2.2827064990997314
https://digitalzibaldone.net/node/p2823_1,825,831,PER,Q355350,-5.870269775390625
https://digitalzibaldone.net/node/p2823_1,1143,1149,PER,Q355350,-5.870269775390625
https://digitalzibaldone.net/node/p2823_1,2136,2145,PER,Q2307037,-5.870269775390625
https://digitalzibaldone.net/node/p2823_1,2146,2162,WORK,Q191776,-5.870269775390625
https://digitalzibaldone.net/node/p2825_1,722,728,LOC,Q617,-5.5713019371032715
https://digitalzibaldone.net/node/p2825_1,0,13,PER,Q11922646,-5.5713019371032715
https://digitalzibaldone.net/node/p2825_1,767,780,PER,Q11922646,-5.5713019371032715
https://digitalzibaldone.net/node/p2825_1,28,43,PER,Q190827,-5.5713019371032715
https://digitalzibaldone.net/node/p2825_1,106,117,PER,Q44934,-5.5713019371032715
https://digitalzibaldone.net/node/p2825_1,219,228,PER,Q44248,-5.5713019371032715
https://digitalzibaldone.net/node/p2825_1,326,334,PER,Q18220883,-5.5713019371032715
https://digitalzibaldone.net/node/p2825_1,472,493,PER,Q1779662,-5.5713019371032715
https://digitalzibaldone.net/node/p2825_1,497,503,PER,Q294800,-5.5713019371032715
https://digitalzibaldone.net/node/p2825_1,560,572,PER,Q11922646,-5.5713019371032715
https://digitalzibaldone.net/node/p2825_1,617,629,PER,Q1361139,-5.5713019371032715
https://digitalzibaldone.net/node/p2825_1,669,678,PER,Q494785,-5.5713019371032715
https://digitalzibaldone.net/node/p2825_1,714,720,PER,Q1891165,-5.5713019371032715
https://digitalzibaldone.net/node/p2825_1,45,69,WORK,Q1232238,-5.5713019371032715
https://digitalzibaldone.net/node/p2825_1,232,262,WORK,Q463903,-5.5713019371032715
https://digitalzibaldone.net/node/p2825_1,522,548,WORK,Q228002,-5.5713019371032715
https://digitalzibaldone.net/node/p2825_1,639,649,WORK,Q492,-5.5713019371032715
https://digitalzibaldone.net/node/p2825_1,679,709,WORK,Q817383,-5.5713019371032715
https://digitalzibaldone.net/node/p2825_2,388,396,PER,Q453465,-10.76650333404541
https://digitalzibaldone.net/node/p2825_2,535,543,PER,Q313922,-10.76650333404541
https://digitalzibaldone.net/node/p2825_2,559,568,PER,Q1522109,-10.76650333404541
https://digitalzibaldone.net/node/p2825_2,577,582,PER,Q1219227,-10.76650333404541
https://digitalzibaldone.net/node/p2825_2,589,622,WORK,Q193206,-10.76650333404541
https://digitalzibaldone.net/node/p2828_1,620,627,PER,Q263892,-6.0684285163879395
https://digitalzibaldone.net/node/p2828_1,629,635,PER,Q1406282,-6.0684285163879395
https://digitalzibaldone.net/node/p2828_1,637,644,PER,Q3953273,-6.0684285163879395
https://digitalzibaldone.net/node/p2829_1,1373,1386,PER,Q49767,-8.373061180114746
https://digitalzibaldone.net/node/p2829_1,1392,1402,WORK,Q1675302,-8.373061180114746
https://digitalzibaldone.net/node/p2835_2,82,88,PER,Q47160,-3.2661683559417725
https://digitalzibaldone.net/node/p2835_2,89,93,WORK,Q201231,-3.2661683559417725
https://digitalzibaldone.net/node/p2836_1,107,113,WORK,Q674439,-3.729534149169922
https://digitalzibaldone.net/node/p2836_2,3220,3228,PER,Q1401,-7.973505020141602
https://digitalzibaldone.net/node/p2836_2,3356,3364,PER,Q1401,-7.973505020141602
https://digitalzibaldone.net/node/p2836_2,4133,4141,PER,Q1401,-7.973505020141602
https://digitalzibaldone.net/node/p2836_2,4186,4194,PER,Q1401,-7.973505020141602
https://digitalzibaldone.net/node/p2836_2,3967,3976,PER,Q1402,-7.973505020141602
https://digitalzibaldone.net/node/p2836_2,4926,4930,PER,Q204064,-7.973505020141602
https://digitalzibaldone.net/node/p2836_2,4915,4921,WORK,Q60220,-7.973505020141602
https://digitalzibaldone.net/node/p2840_1,919,924,PER,Q1343364,-8.209617614746094
https://digitalzibaldone.net/node/p2840_1,972,980,PER,Q47154,-8.209617614746094
https://digitalzibaldone.net/node/p2840_1,1005,1011,PER,Q180081,-8.209617614746094
https://digitalzibaldone.net/node/p2840_1,1013,1019,PER,Q385238,-8.209617614746094
https://digitalzibaldone.net/node/p2841_1,496,502,PER,Q47160,-4.121647834777832
https://digitalzibaldone.net/node/p2841_1,405,410,PER,Q1436657,-4.121647834777832
https://digitalzibaldone.net/node/p2841_1,683,688,PER,Q1436657,-4.121647834777832
https://digitalzibaldone.net/node/p2842_1,165,183,PER,Q44934,-2.7176854610443115
https://digitalzibaldone.net/node/p2842_1,286,291,PER,Q785349,-2.7176854610443115
https://digitalzibaldone.net/node/p2842_1,840,845,PER,Q177220,-2.7176854610443115
https://digitalzibaldone.net/node/p2842_1,3304,3309,PER,Q11690026,-2.7176854610443115
https://digitalzibaldone.net/node/p2842_1,4666,4671,PER,Q2042,-2.7176854610443115
https://digitalzibaldone.net/node/p2842_1,471,484,PER,Q3768409,-2.7176854610443115
https://digitalzibaldone.net/node/p2842_1,1737,1745,PER,Q3750051,-2.7176854610443115
https://digitalzibaldone.net/node/p2842_1,1776,1781,PER,Q723643,-2.7176854610443115
https://digitalzibaldone.net/node/p2842_1,4647,4655,PER,Q29625396,-2.7176854610443115
https://digitalzibaldone.net/node/p2842_1,229,234,WORK,Q1043780,-2.7176854610443115
https://digitalzibaldone.net/node/p2842_1,277,285,WORK,Q1132324,-2.7176854610443115
https://digitalzibaldone.net/node/p2842_1,398,406,WORK,Q1132324,-2.7176854610443115
https://digitalzibaldone.net/node/p2842_1,589,597,WORK,Q1132324,-2.7176854610443115
https://digitalzibaldone.net/node/p2842_1,831,839,WORK,Q1132324,-2.7176854610443115
https://digitalzibaldone.net/node/p2842_1,3295,3303,WORK,Q1132324,-2.7176854610443115
https://digitalzibaldone.net/node/p2842_1,433,442,WORK,Q1132324,-2.7176854610443115
https://digitalzibaldone.net/node/p2842_1,530,537,WORK,Q8096,-2.7176854610443115
https://digitalzibaldone.net/node/p2842_1,1783,1791,WORK,Q3924026,-2.7176854610443115
https://digitalzibaldone.net/node/p2842_1,2800,2809,WORK,Q338489,-2.7176854610443115
https://digitalzibaldone.net/node/p2842_1,4692,4701,WORK,Q338489,-2.7176854610443115
https://digitalzibaldone.net/node/p2842_1,3927,3939,WORK,Q859161,-2.7176854610443115
https://digitalzibaldone.net/node/p2842_1,4006,4018,WORK,Q859161,-2.7176854610443115
https://digitalzibaldone.net/node/p2842_1,4676,4685,WORK,Q859161,-2.7176854610443115
https://digitalzibaldone.net/node/p2845_1,502,507,PER,Q6691,-1.8444194793701172
https://digitalzibaldone.net/node/p2845_1,514,521,PER,Q48900,-1.8444194793701172
https://digitalzibaldone.net/node/p2845_1,526,537,PER,Q692,-1.8444194793701172
https://digitalzibaldone.net/node/p2845_1,542,546,PER,Q165257,-1.8444194793701172
https://digitalzibaldone.net/node/p2845_1,551,559,PER,Q170800,-1.8444194793701172
https://digitalzibaldone.net/node/p2849_1,2100,2113,PER,Q123041,-1.5339573621749878
https://digitalzibaldone.net/node/p2849_1,2203,2222,WORK,Q3639591,-1.5339573621749878
https://digitalzibaldone.net/node/p2852_1,1798,1824,WORK,Q29334,-2.4274511337280273
https://digitalzibaldone.net/node/p2859_1,1994,2000,PER,Q5547,-1.6165436506271362
https://digitalzibaldone.net/node/p2864_1,343,354,WORK,Q859161,-7.389885425567627
https://digitalzibaldone.net/node/p2864_1,355,366,WORK,Q48832071,-7.389885425567627
https://digitalzibaldone.net/node/p2864_3,174,181,PER,Q355720,-1.8097504377365112
https://digitalzibaldone.net/node/p2864_3,444,451,PER,Q310076,-1.8097504377365112
https://digitalzibaldone.net/node/p2864_3,364,373,WORK,Q859161,-1.8097504377365112
https://digitalzibaldone.net/node/p2864_3,456,467,WORK,Q2049965,-1.8097504377365112
https://digitalzibaldone.net/node/p2865_1,78,83,PER,Q316483,-1.1507478952407837
https://digitalzibaldone.net/node/p2865_1,171,187,PER,Q3771771,-1.1507478952407837
https://digitalzibaldone.net/node/p2865_1,220,238,PER,Q2849524,-1.1507478952407837
https://digitalzibaldone.net/node/p2865_1,239,243,WORK,Q80056,-1.1507478952407837
https://digitalzibaldone.net/node/p2865_1,437,446,WORK,Q338489,-1.1507478952407837
https://digitalzibaldone.net/node/p2865_3,435,453,PER,Q43706,-4.196463108062744
https://digitalzibaldone.net/node/p2865_3,663,668,PER,Q859,-4.196463108062744
https://digitalzibaldone.net/node/p2865_3,669,676,WORK,Q656161,-4.196463108062744
https://digitalzibaldone.net/node/p2865_3,945,951,WORK,Q674439,-4.196463108062744
https://digitalzibaldone.net/node/p2866_1,790,799,PER,Q129772,-5.741672515869141
https://digitalzibaldone.net/node/p2866_1,809,816,PER,Q859,-5.741672515869141
https://digitalzibaldone.net/node/p2866_1,907,916,PER,Q223926,-5.741672515869141
https://digitalzibaldone.net/node/p2869_1,2915,2922,LOC,Q142,-4.164616107940674
https://digitalzibaldone.net/node/p2869_1,3404,3411,LOC,Q142,-4.164616107940674
https://digitalzibaldone.net/node/p2869_1,2982,2990,LOC,Q101081,-4.164616107940674
https://digitalzibaldone.net/node/p2869_1,1705,1714,PER,Q3769747,-4.164616107940674
https://digitalzibaldone.net/node/p2869_1,3106,3115,PER,Q3769747,-4.164616107940674
https://digitalzibaldone.net/node/p2869_1,1715,1732,WORK,Q1067,-4.164616107940674
https://digitalzibaldone.net/node/p2875_1,711,722,LOC,Q21,-3.5979361534118652
https://digitalzibaldone.net/node/p2875_1,728,736,LOC,Q183,-3.5979361534118652
https://digitalzibaldone.net/node/p2876_2,2901,2905,LOC,Q220,-2.8891634941101074
https://digitalzibaldone.net/node/p2876_2,328,336,PER,Q313934,-2.8891634941101074
https://digitalzibaldone.net/node/p2876_2,2283,2291,PER,Q313934,-2.8891634941101074
https://digitalzibaldone.net/node/p2876_2,423,431,PER,Q1398,-2.8891634941101074
https://digitalzibaldone.net/node/p2876_2,2389,2397,PER,Q1398,-2.8891634941101074
https://digitalzibaldone.net/node/p2876_2,2676,2684,PER,Q1398,-2.8891634941101074
https://digitalzibaldone.net/node/p2876_2,1072,1080,PER,Q297377,-2.8891634941101074
https://digitalzibaldone.net/node/p2876_2,1108,1114,PER,Q294800,-2.8891634941101074
https://digitalzibaldone.net/node/p2876_2,1148,1156,PER,Q47163,-2.8891634941101074
https://digitalzibaldone.net/node/p2876_2,1384,1392,PER,Q47163,-2.8891634941101074
https://digitalzibaldone.net/node/p2876_2,1647,1655,PER,Q47163,-2.8891634941101074
https://digitalzibaldone.net/node/p2876_2,1180,1189,PER,Q707449,-2.8891634941101074
https://digitalzibaldone.net/node/p2876_2,1211,1227,PER,Q348408,-2.8891634941101074
https://digitalzibaldone.net/node/p2876_2,1414,1430,PER,Q348408,-2.8891634941101074
https://digitalzibaldone.net/node/p2876_2,1281,1286,PER,Q249707,-2.8891634941101074
https://digitalzibaldone.net/node/p2876_2,1355,1362,PER,Q170512,-2.8891634941101074
https://digitalzibaldone.net/node/p2876_2,2066,2073,PER,Q170512,-2.8891634941101074
https://digitalzibaldone.net/node/p2876_2,1485,1502,PER,Q82778,-2.8891634941101074
https://digitalzibaldone.net/node/p2876_2,1579,1596,PER,Q82778,-2.8891634941101074
https://digitalzibaldone.net/node/p2876_2,1814,1831,PER,Q82778,-2.8891634941101074
https://digitalzibaldone.net/node/p2876_2,1988,2005,PER,Q82778,-2.8891634941101074
https://digitalzibaldone.net/node/p2876_2,1638,1644,PER,Q82778,-2.8891634941101074
https://digitalzibaldone.net/node/p2876_2,1684,1692,PER,Q2098,-2.8891634941101074
https://digitalzibaldone.net/node/p2876_2,1695,1704,PER,Q451516,-2.8891634941101074
https://digitalzibaldone.net/node/p2876_2,1851,1859,PER,Q348408,-2.8891634941101074
https://digitalzibaldone.net/node/p2876_2,1947,1956,PER,Q452676,-2.8891634941101074
https://digitalzibaldone.net/node/p2876_2,2037,2046,PER,Q452676,-2.8891634941101074
https://digitalzibaldone.net/node/p2876_2,2154,2163,PER,Q452676,-2.8891634941101074
https://digitalzibaldone.net/node/p2876_2,2092,2098,PER,Q2054,-2.8891634941101074
https://digitalzibaldone.net/node/p2876_2,2178,2185,PER,Q234593,-2.8891634941101074
https://digitalzibaldone.net/node/p2876_2,2227,2232,PER,Q16606214,-2.8891634941101074
https://digitalzibaldone.net/node/p2876_2,2512,2522,PER,Q1243817,-2.8891634941101074
https://digitalzibaldone.net/node/p2876_2,2772,2778,PER,Q7198,-2.8891634941101074
https://digitalzibaldone.net/node/p2876_2,2839,2847,PER,Q1541,-2.8891634941101074
https://digitalzibaldone.net/node/p2876_2,2866,2870,PER,Q1541,-2.8891634941101074
https://digitalzibaldone.net/node/p2876_2,344,351,WORK,Q1571598,-2.8891634941101074
https://digitalzibaldone.net/node/p2876_2,2433,2439,WORK,Q60220,-2.8891634941101074
https://digitalzibaldone.net/node/p2876_2,1295,1305,WORK,Q2624480,-2.8891634941101074
https://digitalzibaldone.net/node/p2876_2,2612,2622,WORK,Q2624480,-2.8891634941101074
https://digitalzibaldone.net/node/p2876_2,2801,2811,WORK,Q48832071,-2.8891634941101074
https://digitalzibaldone.net/node/p2876_2,2716,2724,WORK,Q3846125,-2.8891634941101074
https://digitalzibaldone.net/node/p2876_2,2872,2882,WORK,Q656161,-2.8891634941101074
https://digitalzibaldone.net/node/p2879_1,196,206,WORK,Q48832071,-7.847621440887451
https://digitalzibaldone.net/node/p2879_2,327,333,LOC,Q38,-3.034794807434082
https://digitalzibaldone.net/node/p2879_2,1900,1906,LOC,Q38,-3.034794807434082
https://digitalzibaldone.net/node/p2879_2,244,265,PER,Q26204,-3.034794807434082
https://digitalzibaldone.net/node/p2879_2,1229,1239,PER,Q3694796,-3.034794807434082
https://digitalzibaldone.net/node/p2879_2,1246,1256,PER,Q3638052,-3.034794807434082
https://digitalzibaldone.net/node/p2879_2,266,282,WORK,Q1669589,-3.034794807434082
https://digitalzibaldone.net/node/p2879_2,1257,1265,WORK,Q384515,-3.034794807434082
https://digitalzibaldone.net/node/p2881_1,187,193,LOC,Q490,-7.91172456741333
https://digitalzibaldone.net/node/p2881_1,282,286,LOC,Q189901,-7.91172456741333
https://digitalzibaldone.net/node/p2881_1,326,332,LOC,Q38,-7.91172456741333
https://digitalzibaldone.net/node/p2881_1,448,455,LOC,Q1460,-7.91172456741333
https://digitalzibaldone.net/node/p2881_1,44,65,PER,Q26204,-7.91172456741333
https://digitalzibaldone.net/node/p2881_1,75,90,PER,Q1092339,-7.91172456741333
https://digitalzibaldone.net/node/p2881_1,120,145,PER,Q3763463,-7.91172456741333
https://digitalzibaldone.net/node/p2881_1,176,185,PER,Q3766621,-7.91172456741333
https://digitalzibaldone.net/node/p2881_1,199,217,PER,Q3768137,-7.91172456741333
https://digitalzibaldone.net/node/p2881_1,237,254,PER,Q346713,-7.91172456741333
https://digitalzibaldone.net/node/p2881_1,264,270,PER,Q240679,-7.91172456741333
https://digitalzibaldone.net/node/p2881_1,469,475,PER,Q240679,-7.91172456741333
https://digitalzibaldone.net/node/p2881_1,633,639,PER,Q240679,-7.91172456741333
https://digitalzibaldone.net/node/p2881_1,860,866,PER,Q240679,-7.91172456741333
https://digitalzibaldone.net/node/p2881_1,297,304,PER,Q86805,-7.91172456741333
https://digitalzibaldone.net/node/p2881_1,97,104,WORK,Q133492,-7.91172456741333
https://digitalzibaldone.net/node/p2882_1,1250,1257,LOC,Q29,-2.2168991565704346
https://digitalzibaldone.net/node/p2882_1,288,295,PER,Q3614416,-2.2168991565704346
https://digitalzibaldone.net/node/p2882_1,325,332,PER,Q3614416,-2.2168991565704346
https://digitalzibaldone.net/node/p2882_1,1274,1281,PER,Q172198,-2.2168991565704346
https://digitalzibaldone.net/node/p2882_1,628,633,PER,Q249707,-2.2168991565704346
https://digitalzibaldone.net/node/p2882_1,980,991,PER,Q8018,-2.2168991565704346
https://digitalzibaldone.net/node/p2882_1,1388,1393,PER,Q23309776,-2.2168991565704346
https://digitalzibaldone.net/node/p2882_1,300,308,WORK,Q180212,-2.2168991565704346
https://digitalzibaldone.net/node/p2882_1,880,888,WORK,Q1970197,-2.2168991565704346
https://digitalzibaldone.net/node/p2882_1,1376,1387,WORK,Q1132324,-2.2168991565704346
https://digitalzibaldone.net/node/p2882_1,1664,1672,WORK,Q1132324,-2.2168991565704346
https://digitalzibaldone.net/node/p2884_1,501,506,LOC,Q2683,-3.4331552982330322
https://digitalzibaldone.net/node/p2884_1,633,639,LOC,Q641,-3.4331552982330322
https://digitalzibaldone.net/node/p2884_1,488,499,PER,Q7322,-3.4331552982330322
https://digitalzibaldone.net/node/p2884_1,548,564,PER,Q182128,-3.4331552982330322
https://digitalzibaldone.net/node/p2884_1,593,611,PER,Q328117,-3.4331552982330322
https://digitalzibaldone.net/node/p2884_1,443,482,WORK,Q603773,-3.4331552982330322
https://digitalzibaldone.net/node/p2884_1,534,544,WORK,Q3656494,-3.4331552982330322
https://digitalzibaldone.net/node/p2884_1,574,589,WORK,Q3656494,-3.4331552982330322
https://digitalzibaldone.net/node/p2885_1,104,114,PER,Q48832071,-8.542984962463379
https://digitalzibaldone.net/node/p2885_1,623,633,PER,Q48832071,-8.542984962463379
https://digitalzibaldone.net/node/p2885_1,931,941,PER,Q48832071,-8.542984962463379
https://digitalzibaldone.net/node/p2885_1,1284,1289,PER,Q48832071,-8.542984962463379
https://digitalzibaldone.net/node/p2885_1,1448,1454,PER,Q82778,-8.542984962463379
https://digitalzibaldone.net/node/p2885_1,1618,1624,PER,Q82778,-8.542984962463379
https://digitalzibaldone.net/node/p2885_1,1763,1772,PER,Q2307037,-8.542984962463379
https://digitalzibaldone.net/node/p2885_1,1813,1821,PER,Q1092339,-8.542984962463379
https://digitalzibaldone.net/node/p2885_1,1838,1843,PER,Q723643,-8.542984962463379
https://digitalzibaldone.net/node/p2885_1,1777,1809,WORK,Q814930,-8.542984962463379
https://digitalzibaldone.net/node/p2885_1,1828,1835,WORK,Q133492,-8.542984962463379
https://digitalzibaldone.net/node/p2887_1,847,853,PER,Q355350,-10.172708511352539
https://digitalzibaldone.net/node/p2887_1,1178,1187,PER,Q2307037,-10.172708511352539
https://digitalzibaldone.net/node/p2890_2,28,33,PER,Q6691,-3.161350727081299
https://digitalzibaldone.net/node/p2890_2,307,312,PER,Q6691,-3.161350727081299
https://digitalzibaldone.net/node/p2890_2,354,360,PER,Q6691,-3.161350727081299
https://digitalzibaldone.net/node/p2890_2,325,349,WORK,Q22765,-3.161350727081299
https://digitalzibaldone.net/node/p2891_1,146,152,LOC,Q2277,-1.8037879467010498
https://digitalzibaldone.net/node/p2893_1,180,186,PER,Q6197,-3.685098886489868
https://digitalzibaldone.net/node/p2893_1,289,294,PER,Q1398,-3.685098886489868
https://digitalzibaldone.net/node/p2893_1,187,193,WORK,Q677997,-3.685098886489868
https://digitalzibaldone.net/node/p2893_1,295,301,WORK,Q674439,-3.685098886489868
https://digitalzibaldone.net/node/p2893_2,1217,1229,WORK,Q859161,-2.2381680011749268
https://digitalzibaldone.net/node/p2895_1,813,822,PER,Q3769747,-5.757853984832764
https://digitalzibaldone.net/node/p2895_1,374,384,WORK,Q1436657,-5.757853984832764
https://digitalzibaldone.net/node/p2895_1,823,839,WORK,Q191776,-5.757853984832764
https://digitalzibaldone.net/node/p2895_2,1138,1143,PER,Q1067,-3.507841110229492
https://digitalzibaldone.net/node/p2903_2,392,400,PER,Q190996,-0.15636999905109406
https://digitalzibaldone.net/node/p2903_2,1689,1698,PER,Q7170,-0.15636999905109406
https://digitalzibaldone.net/node/p2903_2,1958,1965,PER,Q170512,-0.15636999905109406
https://digitalzibaldone.net/node/p2906_1,91,97,PER,Q742,-0.08501739799976349
https://digitalzibaldone.net/node/p2906_1,686,692,PER,Q47160,-0.08501739799976349
https://digitalzibaldone.net/node/p2906_1,103,108,WORK,Q340291,-0.08501739799976349
https://digitalzibaldone.net/node/p2906_1,676,682,WORK,Q1226518,-0.08501739799976349
https://digitalzibaldone.net/node/p2909_3,921,926,PER,Q43974,-1.2417426109313965
https://digitalzibaldone.net/node/p2909_3,1073,1078,PER,Q43974,-1.2417426109313965
https://digitalzibaldone.net/node/p2909_3,1201,1210,PER,Q747,-1.2417426109313965
https://digitalzibaldone.net/node/p2910_1,1101,1108,LOC,Q142,-4.527700901031494
https://digitalzibaldone.net/node/p2914_1,1233,1240,LOC,Q142,-5.940515995025635
https://digitalzibaldone.net/node/p2914_1,601,608,PER,Q859,-5.940515995025635
https://digitalzibaldone.net/node/p2914_1,611,620,PER,Q129772,-5.940515995025635
https://digitalzibaldone.net/node/p2916_1,875,879,PER,Q1541,-8.043878555297852
https://digitalzibaldone.net/node/p2916_1,885,896,PER,Q193769,-8.043878555297852
https://digitalzibaldone.net/node/p2918_1,912,921,PER,Q205947,-3.8200876712799072
https://digitalzibaldone.net/node/p2919_1,854,861,PER,Q2831707,-3.1621344089508057
https://digitalzibaldone.net/node/p2919_2,290,295,LOC,Q2079,-2.7179300785064697
https://digitalzibaldone.net/node/p2919_2,221,228,PER,Q859,-2.7179300785064697
https://digitalzibaldone.net/node/p2919_2,283,288,PER,Q6122,-2.7179300785064697
https://digitalzibaldone.net/node/p2919_2,483,490,PER,Q3772467,-2.7179300785064697
https://digitalzibaldone.net/node/p2919_2,737,744,PER,Q14408,-2.7179300785064697
https://digitalzibaldone.net/node/p2919_2,1168,1175,PER,Q41607,-2.7179300785064697
https://digitalzibaldone.net/node/p2919_2,510,517,PER,Q103011,-2.7179300785064697
https://digitalzibaldone.net/node/p2919_2,578,584,PER,Q859,-2.7179300785064697
https://digitalzibaldone.net/node/p2919_2,1081,1087,PER,Q6691,-2.7179300785064697
https://digitalzibaldone.net/node/p2919_2,1152,1157,PER,Q6691,-2.7179300785064697
https://digitalzibaldone.net/node/p2919_2,1556,1563,PER,Q913,-2.7179300785064697
https://digitalzibaldone.net/node/p2919_2,2380,2390,PER,Q213484,-2.7179300785064697
https://digitalzibaldone.net/node/p2919_2,266,273,WORK,Q206883,-2.7179300785064697
https://digitalzibaldone.net/node/p2919_2,518,532,WORK,Q1935136,-2.7179300785064697
https://digitalzibaldone.net/node/p2919_2,603,608,WORK,Q52166,-2.7179300785064697
https://digitalzibaldone.net/node/p2919_2,1309,1314,WORK,Q52166,-2.7179300785064697
https://digitalzibaldone.net/node/p2919_2,801,808,WORK,Q471715,-2.7179300785064697
https://digitalzibaldone.net/node/p2919_2,1007,1010,WORK,Q951150,-2.7179300785064697
https://digitalzibaldone.net/node/p2919_2,275,279,WORK,Q192601,-2.7179300785064697
https://digitalzibaldone.net/node/p2919_2,1088,1092,WORK,Q46452,-2.7179300785064697
https://digitalzibaldone.net/node/p2919_2,1127,1135,WORK,Q666014,-2.7179300785064697
https://digitalzibaldone.net/node/p2919_2,2392,2421,WORK,Q213484,-2.7179300785064697
https://digitalzibaldone.net/node/p2919_2,3881,3887,WORK,Q188672,-2.7179300785064697
https://digitalzibaldone.net/node/p2923_3,414,420,LOC,Q122443,-4.653346538543701
https://digitalzibaldone.net/node/p2923_3,152,162,PER,Q3694796,-4.653346538543701
https://digitalzibaldone.net/node/p2923_3,404,412,PER,Q1541,-4.653346538543701
https://digitalzibaldone.net/node/p2925_1,138,148,PER,Q48832071,-4.566093444824219
https://digitalzibaldone.net/node/p2925_1,438,448,PER,Q48832071,-4.566093444824219
https://digitalzibaldone.net/node/p2925_1,189,193,PER,Q1541,-4.566093444824219
https://digitalzibaldone.net/node/p2925_1,194,204,WORK,Q2054,-4.566093444824219
https://digitalzibaldone.net/node/p2925_2,503,510,PER,Q1055449,-12.978341102600098
https://digitalzibaldone.net/node/p2925_2,719,727,PER,Q1236889,-12.978341102600098
https://digitalzibaldone.net/node/p2925_2,281,290,WORK,Q338489,-12.978341102600098
https://digitalzibaldone.net/node/p2925_2,558,567,WORK,Q188672,-12.978341102600098
https://digitalzibaldone.net/node/p2925_2,707,714,WORK,Q3084413,-12.978341102600098
https://digitalzibaldone.net/node/p2926_1,56,63,PER,Q342416,-0.21528813242912292
https://digitalzibaldone.net/node/p2930_1,104,110,PER,Q47160,-4.083779335021973
https://digitalzibaldone.net/node/p2930_1,162,175,WORK,Q2624480,-4.083779335021973
https://digitalzibaldone.net/node/p2930_1,178,190,WORK,Q455140,-4.083779335021973
https://digitalzibaldone.net/node/p2930_1,333,341,WORK,Q859161,-4.083779335021973
https://digitalzibaldone.net/node/p2930_1,575,583,WORK,Q3846125,-4.083779335021973
https://digitalzibaldone.net/node/p2930_2,28,33,PER,Q249707,-2.4568119049072266
https://digitalzibaldone.net/node/p2930_2,304,309,PER,Q249707,-2.4568119049072266
https://digitalzibaldone.net/node/p2930_2,1236,1241,PER,Q249707,-2.4568119049072266
https://digitalzibaldone.net/node/p2932_1,715,722,PER,Q206119,-4.585350036621094
https://digitalzibaldone.net/node/p2932_1,1398,1405,PER,Q206119,-4.585350036621094
https://digitalzibaldone.net/node/p2932_1,1856,1863,PER,Q206119,-4.585350036621094
https://digitalzibaldone.net/node/p2932_1,725,731,PER,Q82778,-4.585350036621094
https://digitalzibaldone.net/node/p2932_1,826,833,PER,Q208256,-4.585350036621094
https://digitalzibaldone.net/node/p2932_1,869,875,PER,Q332785,-4.585350036621094
https://digitalzibaldone.net/node/p2932_1,1165,1173,PER,Q47163,-4.585350036621094
https://digitalzibaldone.net/node/p2932_1,1245,1251,WORK,Q1132324,-4.585350036621094
https://digitalzibaldone.net/node/p2932_1,1754,1765,WORK,Q1132324,-4.585350036621094
https://digitalzibaldone.net/node/p2932_1,1870,1875,WORK,Q18287233,-4.585350036621094
https://digitalzibaldone.net/node/p2934_1,712,718,LOC,Q38,-2.872835159301758
https://digitalzibaldone.net/node/p2934_1,740,749,LOC,Q2931445,-2.872835159301758
https://digitalzibaldone.net/node/p2934_1,500,509,WORK,Q859161,-2.872835159301758
https://digitalzibaldone.net/node/p2935_1,102,112,PER,Q48832071,-7.491056442260742
https://digitalzibaldone.net/node/p2935_1,603,613,PER,Q48832071,-7.491056442260742
https://digitalzibaldone.net/node/p2935_2,71,83,WORK,Q2049965,-2.7645673751831055
https://digitalzibaldone.net/node/p2939_1,148,154,PER,Q843382,-4.329164505004883
https://digitalzibaldone.net/node/p2939_1,82,88,WORK,Q9184,-4.329164505004883
https://digitalzibaldone.net/node/p2947_1,154,159,PER,Q11690026,-5.463881969451904
https://digitalzibaldone.net/node/p2947_1,142,153,WORK,Q1860,-5.463881969451904
https://digitalzibaldone.net/node/p2947_1,217,225,WORK,Q397,-5.463881969451904
https://digitalzibaldone.net/node/p2957_2,778,786,PER,Q6527,-2.7595698833465576
https://digitalzibaldone.net/node/p2965_1,966,973,PER,Q296244,-4.680948257446289
https://digitalzibaldone.net/node/p2965_1,984,988,WORK,Q3,-4.680948257446289
https://digitalzibaldone.net/node/p2967_1,481,490,PER,Q129772,-4.1331305503845215
https://digitalzibaldone.net/node/p2967_1,1513,1518,PER,Q4649,-4.1331305503845215
https://digitalzibaldone.net/node/p2967_1,1609,1614,PER,Q4649,-4.1331305503845215
https://digitalzibaldone.net/node/p2967_1,1711,1717,PER,Q37340,-4.1331305503845215
https://digitalzibaldone.net/node/p2967_1,1733,1741,PER,Q1150,-4.1331305503845215
https://digitalzibaldone.net/node/p2967_1,1768,1783,PER,Q37340,-4.1331305503845215
https://digitalzibaldone.net/node/p2967_1,510,517,WORK,Q206883,-4.1331305503845215
https://digitalzibaldone.net/node/p2972_2,0,9,PER,Q356433,-1.7774341106414795
https://digitalzibaldone.net/node/p2972_2,552,561,PER,Q356433,-1.7774341106414795
https://digitalzibaldone.net/node/p2972_2,541,549,PER,Q493897,-1.7774341106414795
https://digitalzibaldone.net/node/p2972_2,1254,1259,PER,Q11690026,-1.7774341106414795
https://digitalzibaldone.net/node/p2972_2,1242,1253,WORK,Q3502928,-1.7774341106414795
https://digitalzibaldone.net/node/p2974_1,13,19,PER,Q47160,-0.03926838934421539
https://digitalzibaldone.net/node/p2974_3,28,34,PER,Q294800,-6.686564922332764
https://digitalzibaldone.net/node/p2974_3,771,777,PER,Q294800,-6.686564922332764
https://digitalzibaldone.net/node/p2975_1,501,509,PER,Q162688,-6.955489635467529
https://digitalzibaldone.net/node/p2976_1,68,73,PER,Q6691,-2.089042901992798
https://digitalzibaldone.net/node/p2976_1,278,283,PER,Q6691,-2.089042901992798
https://digitalzibaldone.net/node/p2976_1,760,765,PER,Q6691,-2.089042901992798
https://digitalzibaldone.net/node/p2976_1,1184,1189,PER,Q6691,-2.089042901992798
https://digitalzibaldone.net/node/p2976_1,712,720,PER,Q1398,-2.089042901992798
https://digitalzibaldone.net/node/p2976_1,85,91,WORK,Q8275,-2.089042901992798
https://digitalzibaldone.net/node/p2976_1,636,642,WORK,Q8275,-2.089042901992798
https://digitalzibaldone.net/node/p2976_1,387,393,WORK,Q60220,-2.089042901992798
https://digitalzibaldone.net/node/p2976_1,546,552,WORK,Q60220,-2.089042901992798
https://digitalzibaldone.net/node/p2976_1,591,597,WORK,Q60220,-2.089042901992798
https://digitalzibaldone.net/node/p2976_1,612,619,WORK,Q35160,-2.089042901992798
https://digitalzibaldone.net/node/p2976_1,1382,1388,WORK,Q8275,-2.089042901992798
https://digitalzibaldone.net/node/p2977_1,1051,1058,LOC,Q6231,-11.509465217590332
https://digitalzibaldone.net/node/p2977_1,1570,1575,LOC,Q104197,-11.509465217590332
https://digitalzibaldone.net/node/p2977_1,70,75,PER,Q6691,-11.509465217590332
https://digitalzibaldone.net/node/p2977_1,1120,1125,PER,Q6691,-11.509465217590332
https://digitalzibaldone.net/node/p2977_1,1026,1035,PER,Q439081,-11.509465217590332
https://digitalzibaldone.net/node/p2977_1,1076,1084,PER,Q1398,-11.509465217590332
https://digitalzibaldone.net/node/p2977_1,1471,1479,PER,Q1398,-11.509465217590332
https://digitalzibaldone.net/node/p2977_1,1657,1665,PER,Q1398,-11.509465217590332
https://digitalzibaldone.net/node/p2977_1,2106,2114,PER,Q1398,-11.509465217590332
https://digitalzibaldone.net/node/p2977_1,2664,2672,PER,Q1398,-11.509465217590332
https://digitalzibaldone.net/node/p2977_1,2849,2857,PER,Q1398,-11.509465217590332
https://digitalzibaldone.net/node/p2977_1,3359,3367,PER,Q1398,-11.509465217590332
https://digitalzibaldone.net/node/p2977_1,1548,1561,PER,Q49767,-11.509465217590332
https://digitalzibaldone.net/node/p2977_1,3430,3443,PER,Q49767,-11.509465217590332
https://digitalzibaldone.net/node/p2977_1,1036,1044,WORK,Q9420,-11.509465217590332
https://digitalzibaldone.net/node/p2977_1,1157,1163,WORK,Q60220,-11.509465217590332
https://digitalzibaldone.net/node/p2977_1,1563,1568,WORK,Q185030,-11.509465217590332
https://digitalzibaldone.net/node/p2980_1,354,359,PER,Q6691,-0.16627514362335205
https://digitalzibaldone.net/node/p2980_1,1173,1179,WORK,Q8275,-0.16627514362335205
https://digitalzibaldone.net/node/p2981_1,28,33,PER,Q6691,-1.9562182426452637
https://digitalzibaldone.net/node/p2981_1,289,294,PER,Q6691,-1.9562182426452637
https://digitalzibaldone.net/node/p2981_1,391,410,WORK,Q19841584,-1.9562182426452637
https://digitalzibaldone.net/node/p2981_1,413,424,WORK,Q374581,-1.9562182426452637
https://digitalzibaldone.net/node/p2982_1,36,41,PER,Q6691,-0.16497096419334412
https://digitalzibaldone.net/node/p2982_1,646,651,PER,Q6691,-0.16497096419334412
https://digitalzibaldone.net/node/p2982_1,669,675,WORK,Q8275,-0.16497096419334412
https://digitalzibaldone.net/node/p2983_2,508,514,WORK,Q188672,-2.7119805812835693
https://digitalzibaldone.net/node/p2983_2,885,898,WORK,Q853122,-2.7119805812835693
https://digitalzibaldone.net/node/p2983_2,901,913,WORK,Q3772464,-2.7119805812835693
https://digitalzibaldone.net/node/p2984_2,282,292,PER,Q48832071,-8.491085052490234
https://digitalzibaldone.net/node/p2985_1,696,704,PER,Q1970197,-6.2234110832214355
https://digitalzibaldone.net/node/p2987_1,237,252,PER,Q810611,-3.8513588905334473
https://digitalzibaldone.net/node/p2987_1,146,202,WORK,Q8962728,-3.8513588905334473
https://digitalzibaldone.net/node/p2987_3,465,480,PER,Q311733,-6.145764350891113
https://digitalzibaldone.net/node/p2991_1,205,208,PER,Q234028,-4.608311653137207
https://digitalzibaldone.net/node/p2991_1,211,215,PER,Q1541,-4.608311653137207
https://digitalzibaldone.net/node/p2991_1,475,483,PER,Q193769,-4.608311653137207
https://digitalzibaldone.net/node/p2991_1,1643,1650,PER,Q208256,-4.608311653137207
https://digitalzibaldone.net/node/p2991_1,2327,2332,PER,Q1398,-4.608311653137207
https://digitalzibaldone.net/node/p2991_1,2897,2903,PER,Q47160,-4.608311653137207
https://digitalzibaldone.net/node/p2991_1,2906,2914,PER,Q172048,-4.608311653137207
https://digitalzibaldone.net/node/p2991_1,216,223,WORK,Q656161,-4.608311653137207
https://digitalzibaldone.net/node/p2995_1,405,415,PER,Q3638052,-6.073276519775391
https://digitalzibaldone.net/node/p2995_1,390,399,WORK,Q338489,-6.073276519775391
https://digitalzibaldone.net/node/p2995_2,80,85,LOC,Q2079,-4.007662296295166
https://digitalzibaldone.net/node/p2995_2,19,26,PER,Q704728,-4.007662296295166
https://digitalzibaldone.net/node/p2995_2,292,299,PER,Q704728,-4.007662296295166
https://digitalzibaldone.net/node/p2995_2,68,74,PER,Q2557763,-4.007662296295166
https://digitalzibaldone.net/node/p2995_2,115,120,PER,Q6691,-4.007662296295166
https://digitalzibaldone.net/node/p2995_2,49,63,WORK,Q27869306,-4.007662296295166
https://digitalzibaldone.net/node/p2996_1,833,838,PER,Q3747949,-9.051165580749512
https://digitalzibaldone.net/node/p2998_3,149,154,PER,Q11402,-3.2053422927856445
https://digitalzibaldone.net/node/p2998_3,294,299,PER,Q215350,-3.2053422927856445
https://digitalzibaldone.net/node/p2999_1,45,51,WORK,Q482102,-1.6613577604293823
https://digitalzibaldone.net/node/p2999_1,58,69,WORK,Q1658249,-1.6613577604293823
https://digitalzibaldone.net/node/p3000_2,474,481,PER,Q859,-1.988694429397583
https://digitalzibaldone.net/node/p3000_2,498,503,PER,Q6122,-1.988694429397583
https://digitalzibaldone.net/node/p3000_2,623,628,PER,Q6122,-1.988694429397583
https://digitalzibaldone.net/node/p3000_2,486,493,WORK,Q471715,-1.988694429397583
