doc_id,surface,start_pos,end_pos,type,identifier,source,valid,split
document_110001.html,Dio,729,732,PER,Q190,NER,no,train
document_110009.html,Napoli,118,124,LOC,Q2634,AMD,yes,train
document_110009.html,Jovene,110,116,PER,NIL,NER,no,train
document_110010.html,Roma,64,68,LOC,Q220,AMD,yes,train
document_110011.html,Dottrina del Fascismo,16,37,ORG,NIL,NER,no,train
document_110012.html,Mosca,165,170,LOC,Q649,AMD,yes,train
document_110013.html,Fuci,229,233,ORG,Q3091708,AMD,yes,train
document_110014.html,Fuci,49,53,ORG,Q3091708,AMD,yes,train
document_110014.html,Fuci,330,334,ORG,Q3091708,AMD,yes,train
document_110014.html,Fuci,715,719,ORG,Q3091708,AMD,yes,train
document_110014.html,Universitari,442,454,ORG,Q3091708,AMD,yes,train
document_110014.html,Consiglio Superiore,66,85,ORG,Q1054168,NER,yes,train
document_110015.html,Fuci,510,514,ORG,Q3091708,AMD,yes,train
document_110015.html,Congresso Nazionale,18,37,ORG,NIL,NER,no,train
document_110015.html,Congresso,705,714,ORG,NIL,NER,no,train
document_110015.html,Congresso,984,993,ORG,NIL,NER,no,train
document_110016.html,Assemblea,384,393,ORG,Q1053185,AMD,yes,train
document_110016.html,Ponti,572,577,PER,Q3733989,AMD,yes,train
document_110016.html,Congresso,305,314,ORG,NIL,NER,no,train
document_110016.html,Congresso,476,485,ORG,NIL,NER,no,train
document_110016.html,S.S.,523,527,ORG,NIL,NER,no,train
document_110016.html,assemblea nazionale,646,665,ORG,Q1053185,NER,no,train
document_110017.html,Fuci,21,25,ORG,Q3091708,AMD,yes,train
document_110017.html,Congresso,893,902,ORG,NIL,NER,no,train
document_110017.html,Congresso,1067,1076,ORG,NIL,NER,no,train
document_110018.html,Congresso,107,116,ORG,NIL,NER,no,train
document_110018.html,Congresso Nazionale,185,204,ORG,NIL,NER,no,train
document_110018.html,Congresso,333,342,ORG,NIL,NER,no,train
document_110018.html,Congresso,536,545,ORG,NIL,NER,no,train
document_110019.html,organizzazione,1764,1778,ORG,Q3682549,AMD,no,train
document_110019.html,Consiglio Superiore,17,36,ORG,Q1054168,NER,yes,train
document_110021.html,Fuci,25,29,ORG,Q3091708,AMD,yes,train
document_110024.html,Fuci,671,675,ORG,Q3091708,AMD,yes,train
document_110025.html,Fuci,101,105,ORG,Q3091708,AMD,yes,train
document_110025.html,Fuci,416,420,ORG,Q3091708,AMD,yes,train
document_110025.html,Segni,28,33,PER,Q1240,AMD,yes,train
document_110027.html,Presidenza Centrale,90,109,ORG,NIL,NER,no,train
document_110033.html,Universitari,274,286,ORG,Q3091708,AMD,yes,train
document_110039.html,Beati[1,140,147,PER,NIL,NER,no,train
document_110040.html,organizzazione,653,667,ORG,Q3682549,AMD,no,train
document_110043.html,Congresso Nazionale,112,131,ORG,NIL,NER,no,train
document_110045.html,Consiglio Superiore,787,806,ORG,Q1054168,NER,yes,train
document_110048.html,Fuci,25,29,ORG,Q3091708,AMD,yes,train
document_110054.html,Conferenza,758,768,ORG,NIL,NER,no,train
document_110060.html,Fuci,90,94,ORG,Q3091708,AMD,yes,train
document_110061.html,Fuci,275,279,ORG,Q3091708,AMD,yes,train
document_110061.html,città,320,325,LOC,Q3519,AMD,no,train
document_110061.html,organizzazione,253,267,ORG,Q3682549,AMD,no,train
document_110061.html,Segretariati,977,989,ORG,NIL,NER,no,train
document_110064.html,Assemblea,149,158,ORG,Q1053185,AMD,no,train
document_110064.html,Chiesa,903,909,ORG,Q34651,AMD,yes,train
document_110064.html,Ponti,1196,1201,PER,Q3733989,AMD,yes,train
document_110064.html,Universitari,102,114,ORG,Q3091708,AMD,yes,train
document_110064.html,S.S.,263,267,ORG,NIL,NER,no,train
document_110064.html,Sede Apostolica,651,666,ORG,Q159583,NER,yes,train
document_110065.html,Italia,996,1002,LOC,Q38,AMD,yes,train
document_110065.html,Universitari,709,721,ORG,Q3091708,AMD,yes,train
document_110065.html,organizzazione,1098,1112,ORG,Q3682549,AMD,no,train
document_110065.html,Sede Apostolica,222,237,ORG,Q159583,NER,yes,train
document_110065.html,Voi,243,246,PER,NIL,NER,no,train
document_110065.html,Augusta,327,334,PER,NIL,NER,no,train
document_110065.html,Augusta,497,504,PER,NIL,NER,no,train
document_110067.html,Assemblea,154,163,ORG,Q1053185,AMD,no,train
document_110067.html,organizzazione,689,703,ORG,Q3682549,AMD,no,train
document_110067.html,Albis,50,55,LOC,NIL,NER,no,train
document_110069.html,Universitari,28,40,ORG,Q3091708,AMD,yes,train
document_110069.html,comunità,652,660,ORG,Q52847,AMD,no,train
document_110069.html,Patria,164,170,PER,Q38,NER,no,train
document_110069.html,Patria,479,485,PER,Q38,NER,no,train
document_110069.html,Dio,856,859,PER,Q190,NER,no,train
document_110070.html,comunità,377,385,ORG,Q52847,AMD,no,train
document_110078.html,Radio Fascio[1,0,14,ORG,NIL,NER,no,train
document_110080.html,Italia,60,66,LOC,Q38,AMD,yes,train
document_110080.html,governo,17,24,ORG,Q3773793,NER,yes,train
document_110080.html,Governo,303,310,ORG,Q3773793,NER,no,train
document_110091.html,Governo fascista,87,103,ORG,Q3112309,NER,yes,train
document_110092.html,America,278,285,LOC,Q30,AMD,yes,train
document_110092.html,Italia,267,273,LOC,Q38,AMD,yes,train
document_110092.html,Congresso Nazionale,64,83,ORG,NIL,NER,no,train
document_110092.html,Patria,647,653,PER,Q38,NER,no,train
document_110092.html,Patria,668,674,PER,Q46,NER,no,train
document_110097.html,Roma,189,193,LOC,Q220,AMD,yes,train
document_110097.html,Radio,183,188,ORG,NIL,NER,no,train
document_110102.html,Patria,145,151,PER,Q38,NER,no,train
document_110102.html,Agli,1331,1335,PER,NIL,NER,no,train
document_110104.html,Associazioni,532,544,ORG,Q3091708,AMD,no,train
document_110104.html,Federazione,160,171,ORG,Q3091708,AMD,yes,train
document_110104.html,Universitari,172,184,ORG,Q3091708,AMD,yes,train
document_110120.html,Nazioni Unite,458,471,ORG,Q1065,AMD,yes,train
document_110120.html,comunità,635,643,ORG,Q52847,AMD,no,train
document_110123.html,Governo,561,568,ORG,Q6063,NER,yes,train
document_110127.html,città,25,30,LOC,Q220,AMD,yes,train
document_110134.html,capitale,1099,1107,LOC,Q220,AMD,yes,train
document_110134.html,organizzazione,713,727,ORG,Q3682549,AMD,no,train
document_110145.html,Governo,513,520,ORG,NIL,NER,no,train
document_110147.html,Italia,383,389,LOC,Q38,AMD,yes,train
document_110149.html,Chiesa,517,523,ORG,Q34651,AMD,yes,train
document_110153.html,Italia,119,125,LOC,Q38,AMD,yes,train
document_110158.html,capitale,161,169,LOC,Q220,AMD,yes,train
document_110158.html,città,200,205,LOC,Q3519,AMD,no,train
document_110171.html,Italia,36,42,LOC,Q38,AMD,yes,train
document_110171.html,Italia,83,89,LOC,Q38,AMD,yes,train
document_110174.html,Cristo,539,545,PER,Q302,AMD,no,train
document_110175.html,Bari,128,132,LOC,Q3519,AMD,yes,train
document_110175.html,Italia,1344,1350,LOC,Q38,AMD,yes,train
document_110175.html,Italia,1400,1406,LOC,Q38,AMD,yes,train
document_110175.html,Matthews,35,43,PER,Q15156,AMD,yes,train
document_110175.html,Elena Craveri Croce[2,95,116,PER,NIL,NER,no,train
document_110175.html,Laterza,119,126,LOC,Q3661317,NER,no,train
document_110176.html,paese,555,560,LOC,Q38,AMD,yes,train
document_110177.html,organizzazione,154,168,ORG,Q3318304,AMD,yes,train
document_110177.html,organizzazione,1114,1128,ORG,Q3318304,AMD,yes,train
document_110177.html,organizzazione,1764,1778,ORG,NIL,AMD,no,train
document_110181.html,capitale,639,647,LOC,Q220,AMD,yes,train
document_110181.html,organizzazione,478,492,ORG,NIL,AMD,no,train
document_110181.html,Massa,196,201,LOC,NIL,NER,no,train
document_110197.html,Italia,419,425,LOC,Q38,AMD,yes,train
document_110220.html,Movimento,834,843,ORG,Q3866579,AMD,yes,train
document_121003.html,Bo,604,606,PER,NIL,AMD,no,train
document_121003.html,Stato,696,701,ORG,NIL,NER,no,train
document_121003.html,Stato,1646,1651,ORG,NIL,NER,no,train
document_121005.html,Moro,13,17,PER,Q171834,AMD,yes,train
document_121005.html,Stato,292,297,ORG,NIL,NER,no,train
document_121019.html,Moro,13,17,PER,Q171834,AMD,yes,train
document_121020.html,Moro,13,17,PER,Q171834,AMD,yes,train
document_121024.html,Moro,13,17,PER,Q171834,AMD,yes,train
document_121027.html,Moro,13,17,PER,Q171834,AMD,yes,train
document_121028.html,Moro,13,17,PER,Q171834,AMD,yes,train
document_121032.html,Moro,13,17,PER,Q171834,AMD,yes,train
document_121035.html,Moro,13,17,PER,Q171834,AMD,yes,train
document_121038.html,Moro,13,17,PER,Q171834,AMD,yes,train
document_121039.html,Moro,13,17,PER,Q171834,AMD,yes,train
document_121039.html,commissione,211,222,ORG,Q3684787,AMD,no,train
document_121040.html,Moro,13,17,PER,Q171834,AMD,yes,train
document_121040.html,Moro,948,952,PER,Q171834,AMD,yes,train
document_121040.html,Stato,669,674,ORG,NIL,NER,no,train
document_121043.html,Moro,13,17,PER,Q171834,AMD,yes,train
document_121051.html,commissione,45,56,ORG,Q3684787,AMD,no,train
document_121051.html,paese,265,270,LOC,Q38,AMD,no,train
document_121051.html,partito,147,154,ORG,Q815348,AMD,yes,train
document_121054.html,Moro,13,17,PER,Q171834,AMD,yes,train
document_121057.html,Moro,13,17,PER,Q171834,AMD,yes,train
document_121059.html,Moro,13,17,PER,Q171834,AMD,yes,train
document_121067.html,commissione,61,72,ORG,Q3684787,AMD,no,train
document_121068.html,Moro,13,17,PER,Q171834,AMD,yes,train
document_121068.html,Stato,575,580,ORG,NIL,NER,no,train
document_121077.html,Moro,13,17,PER,Q171834,AMD,yes,train
document_121078.html,Moro,13,17,PER,Q171834,AMD,yes,train
document_121078.html,Stato,122,127,ORG,NIL,NER,no,train
document_121082.html,Moro,13,17,PER,Q171834,AMD,yes,train
document_121082.html,commissione,111,122,ORG,Q3684787,AMD,no,train
document_121084.html,Moro,24,28,PER,Q171834,AMD,yes,train
document_121086.html,Moro,13,17,PER,Q171834,AMD,yes,train
document_121087.html,Moro,13,17,PER,Q171834,AMD,yes,train
document_121088.html,Moro,13,17,PER,Q171834,AMD,yes,train
document_121088.html,commissione,160,171,ORG,Q3684787,AMD,no,train
document_121093.html,Moro,13,17,PER,Q171834,AMD,yes,train
document_121093.html,commissione,298,309,ORG,Q3684787,AMD,no,train
document_121095.html,Moro,13,17,PER,Q171834,AMD,yes,train
document_121095.html,collega,108,115,PER,Q76297,AMD,no,train
document_121096.html,Moro,13,17,PER,Q171834,AMD,yes,train
document_121097.html,Moro,111,115,PER,Q171834,AMD,yes,train
document_121097.html,Stato,68,73,ORG,NIL,NER,no,train
document_121099.html,Moro,13,17,PER,Q171834,AMD,yes,train
document_121100.html,Moro,14,18,PER,Q171834,AMD,yes,train
document_121100.html,collega,100,107,PER,Q76297,AMD,no,train
document_121107.html,Italia,1838,1844,LOC,Q38,AMD,yes,train
document_121115.html,commissione,231,242,ORG,Q3684787,AMD,no,train
document_121134.html,Italia,818,824,LOC,Q38,AMD,yes,train
document_121134.html,commissione,88,99,ORG,Q3684787,AMD,no,train
document_121134.html,costituente,58,69,ORG,Q1053185,AMD,yes,train
document_121134.html,costituente,1266,1277,ORG,Q1053185,AMD,yes,train
document_121134.html,partito,475,482,ORG,Q815348,AMD,yes,train
document_121137.html,collega,300,307,PER,Q76297,AMD,no,train
document_121137.html,paese,757,762,LOC,Q38,AMD,no,train
document_121143.html,organizzazione,33,47,ORG,NIL,AMD,no,train
document_121151.html,Mons,63,67,PER,NIL,NER,no,train
document_121152.html,paese,82,87,LOC,Q38,AMD,yes,train
document_121154.html,organizzazione,522,536,ORG,NIL,AMD,no,train
document_121155.html,partito,194,201,ORG,Q815348,AMD,yes,train
document_121155.html,Avanti,5,11,PER,Q790205,NER,no,train
document_121158.html,capo dello Stato,523,539,PER,Q48352,AMD,no,train
document_121160.html,Camera,675,681,ORG,NIL,NER,no,train
document_121166.html,Roma,35,39,LOC,Q220,AMD,yes,train
document_121166.html,Dio,531,534,PER,Q190,NER,no,train
document_121166.html,Dio,661,664,PER,Q190,NER,no,train
document_121166.html,Dio,943,946,PER,Q190,NER,no,train
document_121166.html,Dio,1052,1055,PER,Q190,NER,no,train
document_121166.html,Dio,1110,1113,PER,Q190,NER,no,train
document_121168.html,Comitato dei Diciotto,271,292,ORG,NIL,NER,no,train
document_121170.html,collega,181,188,PER,Q76297,AMD,no,train
document_121174.html,Presidenza,46,56,ORG,NIL,NER,no,train
document_121176.html,Comitato di coordinamento,227,252,ORG,NIL,NER,no,train
document_121182.html,Autore,392,398,PER,Q52826362,AMD,no,train
document_121182.html,Comunità,4,12,ORG,Q52847,AMD,no,train
document_121182.html,comunità,318,326,ORG,Q52847,AMD,no,train
document_121186.html,Regione,613,620,LOC,Q1222,AMD,no,train
document_121188.html,Repubblica,186,196,LOC,Q1014,AMD,no,train
document_121188.html,partiti,796,803,ORG,Q7278,AMD,no,train
document_121194.html,Autore,361,367,PER,Q52826362,AMD,no,train
document_121194.html,collega,276,283,PER,Q76297,AMD,no,train
document_121199.html,Aldo Moro,6,15,PER,Q171834,AMD,yes,train
document_121201.html,Commissione,257,268,ORG,Q3684787,AMD,no,train
document_121201.html,Camera,39,45,ORG,NIL,NER,no,train
document_121201.html,Camera,666,672,ORG,NIL,NER,no,train
document_121201.html,Governo,793,800,ORG,Q1058671,NER,yes,train
document_121201.html,Governo,902,909,ORG,Q1058671,NER,yes,train
document_121201.html,Governo,1084,1091,ORG,Q1058671,NER,yes,train
document_121201.html,Camera,1174,1180,ORG,NIL,NER,no,train
document_121201.html,Camera,1238,1244,ORG,NIL,NER,no,train
document_121204.html,Aldo Moro,12,21,PER,Q171834,AMD,yes,train
document_121204.html,paese,823,828,LOC,Q38,AMD,yes,train
document_121204.html,partito,751,758,ORG,Q815348,AMD,yes,train
document_121204.html,sala Giuseppina,96,111,LOC,NIL,NER,no,train
document_121207.html,Consiglio dei Ministri,33,55,ORG,Q3687318,NER,yes,train
document_121207.html,governo,169,176,ORG,Q378578,NER,yes,train
document_121210.html,Governo,157,164,ORG,Q378578,NER,yes,train
document_121214.html,Paese,755,760,LOC,Q38,AMD,yes,train
document_121214.html,paese,191,196,LOC,Q38,AMD,yes,train
document_121217.html,Ella,83,87,PER,NIL,NER,no,train
document_121217.html,Illusi,233,239,PER,NIL,NER,no,train
document_121217.html,Il Mondo,256,264,ORG,Q3792807,NER,yes,train
document_121218.html,Aldo Moro,6,15,PER,Q171834,AMD,yes,train
document_121220.html,Mascal,225,231,LOC,NIL,NER,no,train
document_121220.html,Meskerem,292,300,PER,NIL,NER,no,train
document_121221.html,Casa degli emigranti,18,38,ORG,NIL,NER,no,train
document_121221.html,ministero degli Esteri,86,108,ORG,Q789842,NER,yes,train
document_121221.html,Ministero del Lavoro,285,305,ORG,Q14384837,NER,yes,train
document_121222.html,commissione,24,35,ORG,Q3684787,AMD,no,train
document_121222.html,continente,138,148,LOC,Q15,AMD,yes,train
document_121222.html,Governo italiano,537,553,ORG,Q3773971,NER,yes,train
document_121224.html,Aldo Moro,146,155,PER,Q171834,AMD,yes,train
document_121224.html,Sala,70,74,PER,Q3765731,AMD,no,train
document_121224.html,Università,198,208,ORG,Q3918,AMD,no,train
document_121225.html,Aldo Moro,39,48,PER,Q171834,AMD,yes,train
document_121225.html,Università,529,539,ORG,Q3918,AMD,no,train
document_121225.html,Università,705,715,ORG,Q3918,AMD,no,train
document_121225.html,Università,962,972,ORG,Q3918,AMD,no,train
document_121231.html,Presidente,6,16,PER,Q4003497,AMD,no,train
document_121238.html,Paese,356,361,LOC,Q38,AMD,yes,train
document_121240.html,Montessori,510,520,PER,Q131117,AMD,no,train
document_121240.html,collega,439,446,PER,Q76297,AMD,no,train
document_121240.html,collega,670,677,PER,Q76297,AMD,no,train
document_121240.html,paese,330,335,LOC,Q38,AMD,yes,train
document_121240.html,presidente,478,488,PER,Q4003497,AMD,no,train
document_121240.html,Parlamento italiano,910,929,ORG,Q1117578,NER,yes,train
document_121242.html,amministrazione degli Esteri,487,515,ORG,Q789842,NER,yes,train
document_121245.html,Università,207,217,ORG,Q3918,AMD,no,train
document_121245.html,paese,368,373,LOC,Q38,AMD,yes,train
document_121256.html,governo,125,132,ORG,Q3111999,NER,yes,train
document_121257.html,Assemblea,768,777,ORG,Q1053185,AMD,yes,train
document_121257.html,paese,784,789,LOC,Q38,AMD,yes,train
document_122010.html,Ministro,261,269,PER,NIL,AMD,no,train
document_122010.html,commissione,571,582,ORG,Q3684787,AMD,no,train
document_122015.html,Governo,290,297,ORG,Q3773971,NER,yes,train
document_122015.html,Parlamento,311,321,ORG,Q1117578,NER,yes,train
document_122015.html,Parlamento,350,360,ORG,Q1117578,NER,yes,train
document_122018.html,Parlamento,207,217,ORG,Q1117578,NER,yes,train
document_122019.html,paese,175,180,LOC,Q38,AMD,yes,train
document_122022.html,Ministro,206,214,PER,NIL,AMD,no,train
document_122022.html,collega,982,989,PER,Q76297,AMD,no,train
document_122022.html,paese,1042,1047,LOC,Q38,AMD,yes,train
document_122023.html,Camera,253,259,ORG,NIL,NER,no,train
document_122024.html,Assemblea,733,742,ORG,Q1053185,AMD,yes,train
document_122024.html,collega,603,610,PER,Q76297,AMD,no,train
document_122024.html,collega,639,646,PER,Q76297,AMD,no,train
document_122024.html,Camera,30,36,ORG,Q841424,NER,yes,train
document_122026.html,Commissione,587,598,ORG,Q3684787,AMD,no,train
document_122026.html,Giunta,157,163,ORG,NIL,NER,no,train
document_122034.html,Assemblea,407,416,ORG,Q1053185,AMD,yes,train
document_122034.html,Camera dei Deputati,63,82,ORG,Q841424,NER,yes,train
document_122034.html,Camera,300,306,ORG,Q841424,NER,yes,train
document_122034.html,Camera,461,467,ORG,Q841424,NER,yes,train
document_122034.html,Giunta,515,521,ORG,NIL,NER,no,train
document_122034.html,Giunta,585,591,ORG,NIL,NER,no,train
document_122034.html,Camera,709,715,ORG,Q841424,NER,yes,train
document_122034.html,Parlamento,955,965,ORG,Q1117578,NER,yes,train
document_122034.html,Giunta,1043,1049,ORG,NIL,NER,no,train
document_122034.html,Camera,1055,1061,ORG,Q841424,NER,yes,train
document_122034.html,Parlamento,1181,1191,ORG,Q1117578,NER,yes,train
document_122036.html,ministro,125,133,PER,Q2514,AMD,no,train
document_122048.html,Presidente,222,232,PER,Q4003497,AMD,no,train
document_122048.html,Presidente,301,311,PER,Q4003497,AMD,no,train
document_122060.html,Camera,253,259,ORG,Q841424,NER,yes,train
document_122061.html,Senato,189,195,ORG,Q633872,NER,yes,train
document_122061.html,Senato,275,281,ORG,Q633872,NER,yes,train
document_122061.html,Camera,498,504,ORG,Q841424,NER,yes,train
document_122062.html,Aldo Moro,54,63,PER,Q171834,AMD,yes,train
document_122062.html,Sala,90,94,PER,Q3765731,AMD,no,train
document_122063.html,presidente,323,333,PER,Q4003497,AMD,no,train
document_122063.html,Camera dei deputati,45,64,ORG,Q841424,NER,yes,train
document_122063.html,Camera,240,246,ORG,Q841424,NER,yes,train
document_122067.html,collega,50,57,PER,Q76297,AMD,no,train
document_122067.html,collega,161,168,PER,Q76297,AMD,no,train
document_122069.html,Camera,131,137,ORG,Q841424,NER,yes,train
document_131002.html,paese,231,236,LOC,Q38,AMD,yes,train
document_131002.html,paese,469,474,LOC,Q38,AMD,yes,train
document_131002.html,paese,966,971,LOC,Q38,AMD,yes,train
document_131002.html,paese,1162,1167,LOC,Q38,AMD,yes,train
document_131002.html,partito,398,405,ORG,Q815348,AMD,yes,train
document_131002.html,partito,719,726,ORG,Q815348,AMD,yes,train
document_131002.html,Consiglio nazionale,12,31,ORG,NIL,NER,no,train
document_131002.html,Consiglio nazionale,491,510,ORG,NIL,NER,no,train
document_131002.html,governo,805,812,ORG,NIL,NER,no,train
document_131003.html,Moro,6,10,PER,Q171834,AMD,yes,train
document_131003.html,Partito,157,164,ORG,Q815348,AMD,yes,train
document_131004.html,partiti,16,23,ORG,Q7278,AMD,no,train
document_131004.html,partito,305,312,ORG,Q815348,AMD,no,train
document_131007.html,paese,324,329,LOC,Q38,AMD,yes,train
document_131007.html,partito,560,567,ORG,Q815348,AMD,no,train
document_131012.html,Partito,396,403,ORG,Q815348,AMD,yes,train
document_131012.html,Partito,667,674,ORG,Q815348,AMD,yes,train
document_131013.html,Partito,310,317,ORG,Q815348,AMD,yes,train
document_131013.html,Partito,904,911,ORG,Q815348,AMD,yes,train
document_131013.html,partito,118,125,ORG,Q815348,AMD,no,train
document_131013.html,partito,1013,1020,ORG,Q815348,AMD,no,train
document_131014.html,Segni,154,159,PER,Q1240,AMD,no,train
document_131014.html,governo,146,153,ORG,Q3773950,NER,yes,train
document_131015.html,Paese,110,115,LOC,Q38,AMD,yes,train
document_131016.html,paese,544,549,LOC,Q38,AMD,yes,train
document_131016.html,partito,191,198,ORG,Q815348,AMD,no,train
document_131017.html,Paese,796,801,LOC,Q38,AMD,yes,train
document_131017.html,Partito,556,563,ORG,Q815348,AMD,yes,train
document_131017.html,Congresso,142,151,ORG,NIL,NER,no,train
document_131018.html,Costa,471,476,PER,Q3751243,AMD,no,train
document_131018.html,partito,177,184,ORG,Q815348,AMD,no,train
document_131021.html,Corte,984,989,ORG,Q981005,AMD,yes,train
document_131021.html,Italia,296,302,LOC,Q38,AMD,yes,train
document_131021.html,Paese,458,463,LOC,Q38,AMD,yes,train
document_131021.html,Presidente,967,977,PER,Q4003497,AMD,no,train
document_131021.html,Carta Costituzionale,701,721,ORG,NIL,NER,no,train
document_131027.html,Paese,247,252,LOC,Q38,AMD,yes,train
document_131027.html,Partito,551,558,ORG,Q815348,AMD,yes,train
document_131027.html,Congresso Nazionale,3,22,ORG,NIL,NER,no,train
document_131027.html,Congresso,578,587,ORG,NIL,NER,no,train
document_131028.html,Partito,401,408,ORG,Q815348,AMD,yes,train
document_131028.html,presidente,58,68,PER,Q4003497,AMD,no,train
document_131028.html,Consiglio nazionale,73,92,ORG,NIL,NER,no,train
document_131030.html,Democrazia,949,959,ORG,Q815348,AMD,no,train
document_131030.html,Partito,529,536,ORG,Q815348,AMD,yes,train
document_131030.html,organizzazione,474,488,ORG,Q3682549,AMD,yes,train
document_131030.html,Cristina,960,968,PER,NIL,NER,no,train
document_131031.html,partito,743,750,ORG,Q815348,AMD,no,train
document_131031.html,Ella,210,214,PER,NIL,NER,no,train
document_131034.html,Moro,6,10,PER,Q171834,AMD,yes,train
document_131034.html,Movimento,208,217,ORG,Q3866579,AMD,no,train
document_131034.html,Movimento,306,315,ORG,Q3866579,AMD,no,train
document_131034.html,Partito,394,401,ORG,Q815348,AMD,yes,train
document_131034.html,comunità,485,493,ORG,Q52847,AMD,no,train
document_131034.html,partito,696,703,ORG,Q815348,AMD,no,train
document_131041.html,partito,513,520,ORG,Q815348,AMD,no,train
document_131041.html,partito,931,938,ORG,Q815348,AMD,no,train
document_131041.html,partito,1350,1357,ORG,Q815348,AMD,no,train
document_131041.html,partito,1631,1638,ORG,Q815348,AMD,no,train
document_131043.html,Fanfani,132,139,PER,Q273228,AMD,no,train
document_131043.html,paese,349,354,LOC,Q38,AMD,yes,train
document_131043.html,Governo,275,282,ORG,Q3773853,NER,no,train
document_131045.html,Fanfani,438,445,PER,Q273228,AMD,yes,train
document_131045.html,Paese,1093,1098,LOC,Q38,AMD,yes,train
document_131045.html,partito,881,888,ORG,Q815348,AMD,no,train
document_131045.html,partito,1015,1022,ORG,Q815348,AMD,no,train
document_131045.html,partito,1289,1296,ORG,Q815348,AMD,no,train
document_131045.html,Governo,101,108,ORG,Q3773853,NER,yes,train
document_131045.html,Camera,389,395,ORG,Q841424,NER,yes,train
document_131045.html,Governo,430,437,ORG,Q3773853,NER,yes,train
document_131047.html,partiti,204,211,ORG,Q7278,AMD,no,train
document_131047.html,partiti,785,792,ORG,Q7278,AMD,no,train
document_131047.html,governo,37,44,ORG,Q3773853,NER,yes,train
document_131047.html,governo,190,197,ORG,Q3773853,NER,yes,train
document_131050.html,Paese,1234,1239,LOC,Q38,AMD,yes,train
document_131050.html,Paese,1655,1660,LOC,Q38,AMD,yes,train
document_131050.html,partito,653,660,ORG,Q815348,AMD,no,train
document_131050.html,partito,785,792,ORG,Q815348,AMD,no,train
document_131053.html,Paese,476,481,LOC,Q38,AMD,yes,train
document_131055.html,Mezzogiorno,605,616,LOC,Q207989,AMD,yes,train
document_131055.html,Mezzogiorno,933,944,LOC,Q207989,AMD,yes,train
document_131055.html,Mezzogiorno,1336,1347,LOC,Q207989,AMD,yes,train
document_131055.html,Partito,135,142,ORG,Q815348,AMD,yes,train
document_131055.html,Partito,406,413,ORG,Q815348,AMD,yes,train
document_131055.html,Segretario,120,130,PER,Q434786,AMD,no,train
document_131057.html,collega,500,507,PER,Q76297,AMD,no,train
document_131057.html,partiti,104,111,ORG,Q7278,AMD,no,train
document_131057.html,Radio e della Televisione,336,361,ORG,NIL,NER,no,train
document_131057.html,governo democratico,786,805,ORG,NIL,NER,no,train
document_131058.html,Bo,94,96,PER,Q3765297,AMD,no,train
document_131058.html,Democrazia,20,30,ORG,Q815348,AMD,no,train
document_131058.html,Moro,45,49,PER,Q171834,AMD,yes,train
document_131058.html,Sala,89,93,PER,Q3765731,AMD,no,train
document_131058.html,Segretario,3,13,PER,Q434786,AMD,no,train
document_131059.html,Stato,209,214,ORG,NIL,NER,no,train
document_131060.html,D.C,29,32,ORG,Q815348,AMD,yes,train
document_131060.html,Moro,38,42,PER,Q171834,AMD,yes,train
document_131060.html,Paese,677,682,LOC,Q38,AMD,yes,train
document_131060.html,Partito,103,110,ORG,Q815348,AMD,yes,train
document_131060.html,Segretario,3,13,PER,Q434786,AMD,no,train
document_131060.html,partito,410,417,ORG,Q815348,AMD,no,train
document_131060.html,Teatro Verdi,68,80,ORG,Q3982191,NER,yes,train
document_131061.html,Paese,390,395,LOC,Q38,AMD,yes,train
document_131061.html,Partiti,599,606,ORG,Q7278,AMD,no,train
document_131064.html,Paese,284,289,LOC,Q38,AMD,yes,train
document_131064.html,partito,702,709,ORG,Q815348,AMD,no,train
document_131067.html,paese,336,341,LOC,Q38,AMD,no,train
document_131067.html,paese,1277,1282,LOC,Q38,AMD,no,train
document_131067.html,partito,394,401,ORG,Q815348,AMD,no,train
document_131067.html,partito,732,739,ORG,Q815348,AMD,no,train
document_131067.html,Consiglio Nazionale,20,39,ORG,NIL,NER,no,train
document_131071.html,partiti,197,204,ORG,Q7278,AMD,no,train
document_131073.html,Aldo Moro,55,64,PER,Q171834,AMD,yes,train
document_131073.html,Democrazia,29,39,ORG,Q815348,AMD,no,train
document_131073.html,Partito,185,192,ORG,Q815348,AMD,yes,train
document_131073.html,Regione,646,653,LOC,Q1222,AMD,no,train
document_131073.html,Consiglio regionale sardo[1,116,143,ORG,NIL,NER,no,train
document_131075.html,partiti,836,843,ORG,Q7278,AMD,no,train
document_131075.html,Governo,544,551,ORG,Q3773853,NER,yes,train
document_131078.html,Paese,251,256,LOC,Q38,AMD,yes,train
document_131078.html,Camera,18,24,ORG,Q841424,NER,yes,train
document_131079.html,Partito,178,185,ORG,Q815348,AMD,no,train
document_131080.html,ministro,651,659,PER,Q2514,AMD,no,train
document_131080.html,Ministero degli affari esteri,83,112,ORG,Q789842,NER,yes,train
document_131080.html,Governo democratico,456,475,ORG,NIL,NER,no,train
document_131080.html,Governo,765,772,ORG,Q3773853,NER,yes,train
document_131083.html,partito,432,439,ORG,Q815348,AMD,no,train
document_131083.html,Congresso Nazionale,28,47,ORG,NIL,NER,no,train
document_131083.html,Congresso,295,304,ORG,NIL,NER,no,train
document_131087.html,partito,155,162,ORG,Q815348,AMD,no,train
document_131087.html,partito,554,561,ORG,Q815348,AMD,no,train
document_131087.html,Congresso Nazionale,30,49,ORG,NIL,NER,no,train
document_131089.html,partito,225,232,ORG,Q815348,AMD,no,train
document_131089.html,partito,508,515,ORG,Q815348,AMD,no,train
document_131089.html,Congresso Nazionale,28,47,ORG,NIL,NER,no,train
document_131090.html,Paese,644,649,LOC,Q38,AMD,yes,train
document_131090.html,Partito,102,109,ORG,Q815348,AMD,yes,train
document_131090.html,Partito,929,936,ORG,Q815348,AMD,yes,train
document_131090.html,Partito,1342,1349,ORG,Q815348,AMD,yes,train
document_131090.html,comunità,545,553,ORG,Q52847,AMD,no,train
document_131090.html,Congresso,134,143,ORG,NIL,NER,no,train
document_131090.html,Governo,801,808,ORG,NIL,NER,no,train
document_131090.html,Gruppi parlamentari,811,830,ORG,NIL,NER,no,train
document_131093.html,Paese,653,658,LOC,Q38,AMD,yes,train
document_131093.html,Presidente,19,29,PER,Q4003497,AMD,no,train
document_131093.html,alleanza,676,684,ORG,Q7184,AMD,no,train
document_131093.html,alleanza,730,738,ORG,Q7184,AMD,no,train
document_131093.html,alleanza,747,755,ORG,Q7184,AMD,no,train
document_131093.html,partito,462,469,ORG,Q815348,AMD,no,train
document_131093.html,Governo,245,252,ORG,NIL,NER,no,train
document_131093.html,congresso,270,279,ORG,NIL,NER,no,train
document_131095.html,partiti,500,507,ORG,Q7278,AMD,no,train
document_131095.html,Governo di coalizione,3,24,ORG,NIL,NER,no,train
document_131095.html,Camera dei deputati,76,95,ORG,Q841424,NER,yes,train
document_131098.html,Partito,408,415,ORG,Q815348,AMD,yes,train
document_131098.html,partito,1076,1083,ORG,Q815348,AMD,no,train
document_131098.html,Governo,91,98,ORG,NIL,NER,no,train
document_131098.html,Congresso,160,169,ORG,NIL,NER,no,train
document_131098.html,Congresso,874,883,ORG,NIL,NER,no,train
document_131101.html,Partito,400,407,ORG,Q815348,AMD,yes,train
document_131103.html,Partito,233,240,ORG,Q815348,AMD,yes,train
document_131103.html,ministro,122,130,PER,Q2514,AMD,no,train
document_131104.html,partito,3,10,ORG,Q815348,AMD,no,train
document_131105.html,Paese,1074,1079,LOC,Q38,AMD,yes,train
document_131105.html,Partito,1589,1596,ORG,Q815348,AMD,yes,train
document_131105.html,capitale,1024,1032,LOC,Q220,AMD,no,train
document_131105.html,città,314,319,LOC,Q3519,AMD,no,train
document_131105.html,partito,176,183,ORG,Q815348,AMD,no,train
document_131105.html,partito,383,390,ORG,Q815348,AMD,no,train
document_131105.html,partito,404,411,ORG,Q815348,AMD,no,train
document_131105.html,partito,1187,1194,ORG,Q815348,AMD,no,train
document_131105.html,partito,1687,1694,ORG,Q815348,AMD,no,train
document_131106.html,Paese,582,587,LOC,Q38,AMD,yes,train
document_131106.html,città,114,119,LOC,Q3519,AMD,no,train
document_131106.html,città,512,517,LOC,Q3519,AMD,no,train
document_131106.html,città,524,529,LOC,Q3519,AMD,no,train
document_131106.html,paese,280,285,LOC,Q38,AMD,yes,train
document_131107.html,Paese,240,245,LOC,Q38,AMD,yes,train
document_131109.html,Partito,828,835,ORG,Q815348,AMD,yes,train
document_131109.html,partiti,1333,1340,ORG,Q7278,AMD,no,train
document_131109.html,Parlamento,244,254,ORG,Q1117578,NER,yes,train
document_131111.html,Assemblea,722,731,ORG,Q1053185,AMD,no,train
document_131111.html,Commissione,449,460,ORG,Q3684787,AMD,no,train
document_131111.html,Commissione,964,975,ORG,Q3684787,AMD,no,train
document_131111.html,Commissione,1124,1135,ORG,Q3684787,AMD,no,train
document_131111.html,Commissione,1368,1379,ORG,Q3684787,AMD,no,train
document_131111.html,Commissione,1666,1677,ORG,Q3684787,AMD,no,train
document_131111.html,Partito,1793,1800,ORG,Q815348,AMD,yes,train
document_131111.html,Conferenza Nazionale Organizzativa,71,105,ORG,NIL,NER,no,train
document_131111.html,Direzione Centrale,545,563,ORG,NIL,NER,no,train
document_131111.html,Segreteria Politica,572,591,ORG,NIL,NER,no,train
document_131111.html,Direzione,1353,1362,ORG,NUL,NER,no,train
document_131112.html,Presidente,38,48,PER,Q4003497,AMD,no,train
document_131112.html,Consiglio Nazionale,150,169,ORG,NIL,NER,no,train
document_131114.html,Partito,120,127,ORG,Q815348,AMD,yes,train
document_131114.html,partito,451,458,ORG,Q815348,AMD,no,train
document_131114.html,Consiglio Nazionale[1,67,88,ORG,NIL,NER,no,train
document_131115.html,partito,349,356,ORG,Q815348,AMD,no,train
document_131115.html,partito,855,862,ORG,Q815348,AMD,no,train
document_131115.html,partito,911,918,ORG,Q815348,AMD,no,train
document_131115.html,partito,1368,1375,ORG,Q815348,AMD,no,train
document_131115.html,partito,1553,1560,ORG,Q815348,AMD,no,train
document_131115.html,partito,1622,1629,ORG,Q815348,AMD,no,train
document_131115.html,Consiglio Nazionale,1012,1031,ORG,NIL,NER,no,train
document_131115.html,Consiglio Nazionale,1311,1330,ORG,NIL,NER,no,train
document_131116.html,comunità,112,120,ORG,Q52847,AMD,no,train
document_131116.html,partito,96,103,ORG,Q815348,AMD,no,train
document_131116.html,partito,426,433,ORG,Q815348,AMD,no,train
document_131117.html,Segretario,33,43,PER,Q434786,AMD,no,train
document_131118.html,Aldo Moro,61,70,PER,Q171834,AMD,yes,train
document_131118.html,Padova,16,22,LOC,Q617,AMD,yes,train
document_131118.html,partito,391,398,ORG,Q815348,AMD,no,train
document_131119.html,Aldo Moro,89,98,PER,Q171834,AMD,yes,train
document_131119.html,Moro,270,274,PER,Q171834,AMD,yes,train
document_131119.html,partito,405,412,ORG,Q815348,AMD,no,train
document_131119.html,Congresso provinciale dei giovani democristiani,13,60,ORG,NIL,NER,no,train
document_131122.html,paese,729,734,LOC,Q38,AMD,yes,train
document_131122.html,partiti,190,197,ORG,Q7278,AMD,no,train
document_131123.html,Universitari,78,90,ORG,Q3091708,AMD,no,train
document_131124.html,Paese,567,572,LOC,Q38,AMD,yes,train
document_131125.html,Partito,912,919,ORG,Q815348,AMD,yes,train
document_131125.html,paese,295,300,LOC,Q38,AMD,yes,train
document_131125.html,partito,558,565,ORG,Q815348,AMD,no,train
document_131125.html,Consiglio Nazionale,13,32,ORG,NIL,NER,no,train
document_131126.html,Partito,980,987,ORG,Q815348,AMD,yes,train
document_131126.html,paese,333,338,LOC,Q38,AMD,yes,train
document_131126.html,paese,1483,1488,LOC,Q38,AMD,yes,train
document_131126.html,partito,187,194,ORG,Q815348,AMD,no,train
document_131126.html,partito,1421,1428,ORG,Q815348,AMD,no,train
document_131126.html,consiglio nazionale,212,231,ORG,NIL,NER,no,train
document_131126.html,Consiglio Nazionale,1244,1263,ORG,NIL,NER,no,train
document_131126.html,Congresso,1613,1622,ORG,NIL,NER,no,train
document_131128.html,Alleanza,925,933,ORG,Q7184,AMD,yes,train
document_131128.html,partito,7,14,ORG,Q815348,AMD,no,train
document_131130.html,paese,699,704,LOC,Q38,AMD,yes,train
document_131130.html,Governo,220,227,ORG,Q3773854,NER,yes,train
document_131130.html,Governo,428,435,ORG,Q3773854,NER,yes,train
document_131132.html,Movimento,88,97,ORG,Q3866579,AMD,no,train
document_131132.html,comunità,452,460,ORG,Q52847,AMD,no,train
document_131132.html,partito,10,17,ORG,Q815348,AMD,no,train
document_131132.html,partito,290,297,ORG,Q815348,AMD,no,train
document_131138.html,coltivatori diretti,449,468,ORG,Q3682549,AMD,yes,train
document_131138.html,presidente,13,23,PER,Q4003497,AMD,no,train
document_131138.html,presidente,295,305,PER,Q4003497,AMD,no,train
document_131138.html,Confederazione,182,196,ORG,Q3682549,NER,yes,train
document_131139.html,Aldo Moro,66,75,PER,Q171834,AMD,yes,train
document_131139.html,DC,537,539,ORG,Q815348,AMD,yes,train
document_131139.html,Democrazia,40,50,ORG,Q815348,AMD,no,train
document_131139.html,Paese,333,338,LOC,Q38,AMD,yes,train
document_131139.html,Paese,510,515,LOC,Q38,AMD,yes,train
document_131139.html,Salerno,2,9,LOC,Q1083,AMD,yes,train
document_131139.html,partito,122,129,ORG,Q815348,AMD,no,train
document_131139.html,partito,253,260,ORG,Q815348,AMD,no,train
document_131139.html,regione,350,357,LOC,Q1447,AMD,no,train
document_131143.html,partito,263,270,ORG,Q815348,AMD,no,train
document_131144.html,Mezzogiorno,173,184,LOC,Q207989,AMD,yes,train
document_131144.html,Mezzogiorno,316,327,LOC,Q207989,AMD,yes,train
document_131144.html,Abruzzi,41,48,LOC,Q1284,NER,yes,train
document_131146.html,Aldo Moro,37,46,PER,Q171834,AMD,yes,train
document_131146.html,DC,29,31,ORG,Q815348,AMD,yes,train
document_131146.html,Moro,412,416,PER,Q171834,AMD,yes,train
document_131146.html,Segretario,3,13,PER,Q171834,AMD,yes,train
document_131146.html,Congresso delle donne rurali,64,92,ORG,NIL,NER,no,train
document_131147.html,paese,769,774,LOC,Q38,AMD,yes,train
document_131147.html,partito,1001,1008,ORG,Q815348,AMD,no,train
document_131152.html,Paese,112,117,LOC,Q38,AMD,yes,train
document_131152.html,Paese,937,942,LOC,Q38,AMD,yes,train
document_131153.html,Aldo Moro,36,45,PER,Q171834,AMD,yes,train
document_131153.html,Democrazia,110,120,ORG,Q815348,AMD,no,train
document_131153.html,Foggia,2,8,LOC,Q13464,AMD,yes,train
document_131156.html,Paese,105,110,LOC,Q38,AMD,yes,train
document_131156.html,Paese,446,451,LOC,Q38,AMD,yes,train
document_131156.html,Paese,851,856,LOC,Q38,AMD,yes,train
document_131157.html,partiti,311,318,ORG,Q7278,AMD,no,train
document_131157.html,partiti,574,581,ORG,Q7278,AMD,no,train
document_131157.html,partito,224,231,ORG,Q815348,AMD,no,train
document_131157.html,governo,139,146,ORG,NIL,NER,no,train
document_131157.html,governo,438,445,ORG,NIL,NER,no,train
document_131157.html,governo,629,636,ORG,NIL,NER,no,train
document_131159.html,Leone,1742,1747,PER,Q1235,AMD,yes,train
document_131159.html,Paese,1616,1621,LOC,Q38,AMD,yes,train
document_131159.html,paese,472,477,LOC,Q38,AMD,yes,train
document_131159.html,paese,1021,1026,LOC,Q38,AMD,yes,train
document_131159.html,partiti,1860,1867,ORG,Q7278,AMD,no,train
document_131159.html,partiti,1958,1965,ORG,Q7278,AMD,no,train
document_131159.html,partito,438,445,ORG,Q815348,AMD,no,train
document_131159.html,Consiglio Nazionale,1658,1677,ORG,NIL,NER,no,train
document_131159.html,Governo,1734,1741,ORG,Q3773884,NER,yes,train
document_131160.html,Presidente,42,52,PER,Q4003497,AMD,no,train
document_131160.html,Consiglio on,57,69,ORG,NUL,NER,no,train
document_131161.html,partiti,289,296,ORG,Q7278,AMD,no,train
document_131166.html,Partito,301,308,ORG,Q815348,AMD,yes,train
document_131166.html,collega,520,527,PER,Q76297,AMD,no,train
document_131166.html,partiti,887,894,ORG,Q7278,AMD,no,train
document_131166.html,partiti,1099,1106,ORG,Q7278,AMD,no,train
document_131166.html,partito,712,719,ORG,Q815348,AMD,no,train
document_131166.html,Parlamento,420,430,ORG,Q1117578,NER,yes,train
document_131166.html,Congresso,577,586,ORG,NIL,NER,no,train
document_131166.html,Consiglio nazionale,614,633,ORG,NIL,NER,no,train
document_131166.html,Congresso socialista,960,980,ORG,NIL,NER,no,train
document_131166.html,Consiglio nazionale,1202,1221,ORG,NIL,NER,no,train
document_131166.html,Consiglio nazionale,1375,1394,ORG,NIL,NER,no,train
document_131166.html,Governo,1487,1494,ORG,NIL,NER,no,train
document_131166.html,Consiglio nazionale,1645,1664,ORG,NIL,NER,no,train
document_132006.html,paese,277,282,LOC,Q38,AMD,yes,train
document_132009.html,Aldo Moro,132,141,PER,Q171834,AMD,no,train
document_132009.html,Moro,307,311,PER,Q171834,AMD,no,train
document_132009.html,Presidente,101,111,PER,Q4003497,AMD,no,train
document_132009.html,Consiglio,116,125,ORG,NIL,NER,no,train
document_132010.html,Aldo Moro,32,41,PER,Q171834,AMD,yes,train
document_132010.html,Presidente,3,13,PER,Q4003497,AMD,no,train
document_132010.html,Presidente,181,191,PER,Q4003497,AMD,no,train
document_132010.html,Consiglio on,18,30,ORG,NIL,NER,no,train
document_132010.html,Consiglio Nazionale della stampa italiana,98,139,ORG,NIL,NER,no,train
document_132010.html,Governo,328,335,ORG,Q3112299,NER,yes,train
document_132010.html,alla Presidenza,498,513,ORG,NIL,NER,no,train
document_132010.html,Padellaro[3,558,569,PER,Q19357866,NER,no,train
document_132011.html,Paese,127,132,LOC,Q38,AMD,yes,train
document_132011.html,partiti,799,806,ORG,Q7278,AMD,no,train
document_132011.html,partiti,1001,1008,ORG,Q7278,AMD,no,train
document_132011.html,governo,115,122,ORG,NIL,NER,no,train
document_132011.html,Governo,221,228,ORG,NIL,NER,no,train
document_132011.html,Governo,471,478,ORG,NIL,NER,no,train
document_132011.html,Governo,752,759,ORG,NIL,NER,no,train
document_132013.html,Aldo Moro,32,41,PER,Q171834,AMD,yes,train
document_132013.html,Movimento,82,91,ORG,Q3866579,AMD,no,train
document_132013.html,Segretario,177,187,PER,Q434786,AMD,no,train
document_132013.html,presidente,3,13,PER,Q4003497,AMD,no,train
document_132013.html,Consiglio on,18,30,ORG,NIL,NER,no,train
document_132014.html,Paese,129,134,LOC,Q38,AMD,yes,train
document_132014.html,Governo,324,331,ORG,Q3112299,NER,yes,train
document_132014.html,Governo,710,717,ORG,Q3112299,NER,yes,train
document_132014.html,Governo,831,838,ORG,Q3112299,NER,yes,train
document_132017.html,Governo italiano,116,132,ORG,Q3773971,NER,yes,train
document_132020.html,Aldo Moro,121,130,PER,Q171834,AMD,yes,train
document_132020.html,presidente,92,102,PER,Q4003497,AMD,no,train
document_132020.html,Consiglio on,107,119,ORG,NIL,NER,no,train
document_132020.html,Governo,162,169,ORG,Q3112299,NER,yes,train
document_132022.html,Moro,60,64,PER,Q171834,AMD,yes,train
document_132022.html,Paese,1036,1041,LOC,Q38,AMD,yes,train
document_132022.html,Partito,447,454,ORG,Q815348,AMD,yes,train
document_132022.html,partito,1200,1207,ORG,Q815348,AMD,no,train
document_132022.html,presidente,31,41,PER,Q4003497,AMD,no,train
document_132022.html,Teatro Piccinni,11,26,LOC,Q845517,NER,yes,train
document_132022.html,Consiglio on,46,58,ORG,NIL,NER,no,train
document_132024.html,Moro,67,71,PER,Q171834,AMD,yes,train
document_132027.html,ministro,264,272,PER,Q2514,AMD,no,train
document_132027.html,organizzazione,756,770,ORG,Q3682549,AMD,no,train
document_132027.html,presidente,203,213,PER,Q4003497,AMD,no,train
document_132027.html,presidente,509,519,PER,Q4003497,AMD,no,train
document_132027.html,Governo,349,356,ORG,Q3112299,NER,yes,train
document_132028.html,collega,224,231,PER,Q76297,AMD,no,train
document_132028.html,Governo,135,142,ORG,Q3112299,NER,yes,train
document_132028.html,Radio e della Televisione,163,188,ORG,NIL,NER,no,train
document_132031.html,Africa,278,284,LOC,Q15,AMD,no,train
document_132031.html,Continent,373,382,LOC,Q46,AMD,no,train
document_132031.html,Organizzazione,550,564,ORG,Q191703,AMD,yes,train
document_132031.html,organizzazione,338,352,ORG,Q3682549,AMD,no,train
document_132031.html,Governo italiano,478,494,ORG,Q3773971,NER,yes,train
document_132036.html,Aldo Moro,43,52,PER,Q171834,AMD,yes,train
document_132036.html,comunità,478,486,ORG,Q52847,AMD,no,train
document_132036.html,presidente,14,24,PER,Q4003497,AMD,no,train
document_132036.html,Consiglio on,29,41,ORG,NIL,NER,no,train
document_132036.html,Governo,517,524,ORG,NIL,NER,no,train
document_132040.html,Moro,43,47,PER,Q171834,AMD,yes,train
document_132040.html,Presidente,3,13,PER,Q4003497,AMD,no,train
document_132040.html,Rumor,145,150,PER,Q316288,AMD,yes,train
document_132040.html,partiti,563,570,ORG,Q7278,AMD,no,train
document_132040.html,Consiglio,18,27,ORG,NIL,NER,no,train
document_132043.html,Paese,309,314,LOC,Q38,AMD,yes,train
document_132043.html,Paese,1961,1966,LOC,Q38,AMD,yes,train
document_132043.html,Carnera dei Deputati,50,70,ORG,Q841424,NER,yes,train
document_132043.html,Governo,347,354,ORG,Q3112299,NER,yes,train
document_132043.html,Senato,767,773,ORG,Q633872,NER,yes,train
document_132043.html,Governo,1773,1780,ORG,NIL,NER,no,train
document_132043.html,Parlamento,1797,1807,ORG,Q1117578,NER,yes,train
document_132044.html,paese,332,337,LOC,Q38,AMD,yes,train
document_132044.html,partito,824,831,ORG,Q815348,AMD,no,train
document_132044.html,Governo,3,10,ORG,Q3112299,NER,yes,train
document_132044.html,Governo,995,1002,ORG,Q3112299,NER,yes,train
document_132048.html,Governo,3,10,ORG,Q3112299,NER,yes,train
document_132048.html,Camera dei Deputati,83,102,ORG,Q841424,NER,yes,train
document_132051.html,Paese,1188,1193,LOC,Q38,AMD,yes,train
document_132051.html,Paese,1870,1875,LOC,Q38,AMD,yes,train
document_132051.html,Partito,675,682,ORG,Q815348,AMD,yes,train
document_132051.html,Partito,941,948,ORG,Q815348,AMD,yes,train
document_132051.html,Partito,1687,1694,ORG,Q815348,AMD,yes,train
document_132051.html,Segretario,397,407,PER,Q434786,AMD,no,train
document_132051.html,Consiglio nazionale,150,169,ORG,NIL,NER,no,train
document_132051.html,Congresso,201,210,ORG,NIL,NER,no,train
document_132051.html,Governo,223,230,ORG,Q3112299,NER,yes,train
document_132051.html,Congresso,699,708,ORG,NIL,NER,no,train
document_132051.html,Governo,910,917,ORG,Q3112299,NER,yes,train
document_132052.html,Paese,190,195,LOC,Q38,AMD,yes,train
document_132052.html,Paese,1257,1262,LOC,Q38,AMD,yes,train
document_132052.html,Paese,1445,1450,LOC,Q38,AMD,yes,train
document_132052.html,Paese,1763,1768,LOC,Q38,AMD,yes,train
document_132052.html,capitale,1056,1064,LOC,Q220,AMD,no,train
document_132053.html,Paese,553,558,LOC,Q38,AMD,yes,train
document_132053.html,comunità,632,640,ORG,Q52847,AMD,no,train
document_132053.html,governo della Nazione,349,370,ORG,NIL,NER,no,train
document_132053.html,governo,377,384,ORG,NIL,NER,no,train
document_132053.html,governo,1360,1367,ORG,NIL,NER,no,train
document_132055.html,Europa,66,72,LOC,Q46,AMD,no,train
document_132055.html,organizzazione,357,371,ORG,Q3682549,AMD,no,train
document_132055.html,VII Stati Generali,34,52,ORG,NIL,NER,no,train
document_132055.html,Congresso,131,140,ORG,NIL,NER,no,train
document_132055.html,Urbe,583,587,LOC,Q220,NER,yes,train
document_132055.html,Governo italiano,1368,1384,ORG,Q3773971,NER,yes,train
document_132055.html,Congresso,1602,1611,ORG,NIL,NER,no,train
document_132056.html,Capo,1107,1111,PER,Q2604,AMD,no,train
document_132056.html,Presidente,864,874,PER,Q4003497,AMD,no,train
document_132056.html,Governo,3,10,ORG,Q3112299,NER,yes,train
document_132056.html,Camera dei deputati,120,139,ORG,Q841424,NER,yes,train
document_132056.html,Governo,459,466,ORG,Q3112299,NER,yes,train
document_132056.html,Consiglio,879,888,ORG,NIL,NER,no,train
document_132061.html,Paese,542,547,LOC,Q38,AMD,yes,train
document_132061.html,Governo,166,173,ORG,Q3112299,NER,yes,train
document_132061.html,Altare della Patria,298,317,LOC,Q506234,NER,yes,train
document_132065.html,Presidente,62,72,PER,Q4003497,AMD,no,train
document_132065.html,Presidente,300,310,PER,Q4003497,AMD,no,train
document_132065.html,Consiglio,77,86,ORG,NIL,NER,no,train
document_132067.html,Aldo Moro,32,41,PER,Q171834,AMD,yes,train
document_132067.html,Presidente,3,13,PER,Q4003497,AMD,no,train
document_132067.html,Consiglio on,18,30,ORG,NIL,NER,no,train
document_132067.html,Governo,203,210,ORG,Q3112299,NER,yes,train
document_132069.html,Moro,32,36,PER,Q171834,AMD,yes,train
document_132069.html,Presidente,3,13,PER,Q4003497,AMD,no,train
document_132069.html,Consiglio on,18,30,ORG,NIL,NER,no,train
document_132069.html,Teatro Odeon,59,71,LOC,Q107362321,NER,yes,train
document_132069.html,Governo,489,496,ORG,NIL,NER,no,train
document_132071.html,Aldo Moro,32,41,PER,Q171834,AMD,yes,train
document_132071.html,Moro,563,567,PER,Q171834,AMD,yes,train
document_132071.html,città,201,206,LOC,Q13395,AMD,yes,train
document_132071.html,città,287,292,LOC,Q3519,AMD,no,train
document_132071.html,città,426,431,LOC,Q13395,AMD,yes,train
document_132071.html,comunità,547,555,ORG,Q52847,AMD,no,train
document_132071.html,presidente,3,13,PER,Q4003497,AMD,no,train
document_132071.html,Consiglio on,18,30,ORG,NIL,NER,no,train
document_132071.html,Palazzo della Provincia,131,154,LOC,NIL,NER,no,train
document_132073.html,Aldo Moro,32,41,PER,Q171834,AMD,yes,train
document_132073.html,presidente,3,13,PER,Q4003497,AMD,no,train
document_132073.html,Consiglio on,18,30,ORG,NIL,NER,no,train
document_132075.html,continente,1324,1334,LOC,Q48,AMD,yes,train
document_132075.html,paese,1563,1568,LOC,Q38,AMD,yes,train
document_132076.html,Paese,706,711,LOC,Q38,AMD,yes,train
document_132076.html,Ella,19,23,PER,NIL,NER,no,train
document_132076.html,Ella,387,391,PER,NIL,NER,no,train
document_132079.html,Italia,1240,1246,LOC,Q38,AMD,yes,train
document_132079.html,Partito,135,142,ORG,Q815348,AMD,yes,train
document_132079.html,Consiglio nazionale,811,830,ORG,NIL,NER,no,train
document_132081.html,Sud,86,89,LOC,Q207989,AMD,no,train
document_132083.html,Governo,582,589,ORG,Q3112299,NER,yes,train
document_132083.html,Governo,766,773,ORG,Q3112299,NER,yes,train
document_132083.html,Governo,1518,1525,ORG,Q3112299,NER,yes,train
document_132084.html,Paese,720,725,LOC,Q38,AMD,yes,train
document_132084.html,Governo,639,646,ORG,Q3112299,NER,yes,train
document_132084.html,Parlamento,941,951,ORG,Q1117578,NER,yes,train
document_132084.html,Governo,1023,1030,ORG,Q3112299,NER,yes,train
document_132084.html,Camera dei Deputati,1353,1372,ORG,Q841424,NER,yes,train
document_132084.html,Governo,1477,1484,ORG,Q3112299,NER,yes,train
document_132084.html,Camera dei Deputati,1595,1614,ORG,Q841424,NER,yes,train
document_132084.html,Governo,1687,1694,ORG,Q3112299,NER,yes,train
document_132084.html,Parlamento,2052,2062,ORG,Q1117578,NER,yes,train
document_132087.html,Presidente,14,24,PER,Q4003497,AMD,no,train
document_132087.html,Presidente,534,544,PER,Q4003497,AMD,no,train
document_132087.html,alleanza,376,384,ORG,Q7184,AMD,no,train
document_132087.html,ministro,74,82,PER,Q2514,AMD,no,train
document_132088.html,Italia,782,788,LOC,Q38,AMD,yes,train
document_132088.html,Occidente,1210,1219,LOC,Q160381,AMD,yes,train
document_132089.html,alleanza,309,317,ORG,Q7184,AMD,no,train
document_132089.html,ministro,171,179,PER,Q2514,AMD,no,train
document_132089.html,presidente,71,81,PER,Q4003497,AMD,no,train
document_132089.html,Governo,13,20,ORG,Q48525,NER,yes,train
document_132089.html,Governo,203,210,ORG,Q3112299,NER,yes,train
document_132090.html,organizzazione,213,227,ORG,Q3682549,AMD,no,train
document_132090.html,organizzazione,539,553,ORG,Q3682549,AMD,no,train
document_132091.html,alleanza,875,883,ORG,Q7184,AMD,no,train
document_132091.html,ministro,208,216,PER,Q2514,AMD,no,train
document_132093.html,Moro,707,711,PER,Q171834,AMD,yes,train
document_132093.html,Moro,1369,1373,PER,Q171834,AMD,yes,train
document_132093.html,presidente,601,611,PER,Q4003497,AMD,no,train
document_132093.html,presidente,642,652,PER,Q4003497,AMD,no,train
document_132093.html,Governo,90,97,ORG,Q3112299,NER,yes,train
document_132093.html,governo,323,330,ORG,NIL,NER,no,train
document_132093.html,avv,663,666,PER,NIL,NER,no,train
document_132093.html,Governo,908,915,ORG,Q3112299,NER,yes,train
document_132093.html,Governo,1096,1103,ORG,Q3112299,NER,yes,train
document_132094.html,Lei,40,43,PER,Q5662804,NER,no,train
document_132094.html,Governo italiano,133,149,ORG,Q3773971,NER,yes,train
document_132095.html,città,203,208,LOC,Q220,AMD,yes,train
document_132095.html,città,335,340,LOC,Q220,AMD,no,train
document_132095.html,paese,437,442,LOC,Q145,AMD,yes,train
document_132095.html,Governo italiano,64,80,ORG,Q3773971,NER,yes,train
document_132096.html,Aldo Moro,32,41,PER,Q171834,AMD,yes,train
document_132096.html,Moro,294,298,PER,Q171834,AMD,yes,train
document_132096.html,coltivatori diretti,613,632,ORG,Q3682549,AMD,yes,train
document_132096.html,presidente,3,13,PER,Q4003497,AMD,no,train
document_132096.html,Consiglio on,18,30,ORG,NIL,NER,no,train
document_132096.html,Palatino,403,411,LOC,Q200642,NER,yes,train
document_132097.html,Commissione,219,230,ORG,Q3684787,AMD,no,train
document_132097.html,Moro,32,36,PER,Q171834,AMD,yes,train
document_132097.html,Presidente,3,13,PER,Q4003497,AMD,no,train
document_132097.html,Consiglio on,18,30,ORG,NIL,NER,no,train
document_132097.html,Consiglio Nazionale,150,169,ORG,NIL,NER,no,train
document_132097.html,avv,247,250,ORG,NIL,NER,no,train
document_132098.html,Fiera,187,192,ORG,Q3744601,AMD,no,train
document_132098.html,Fiera,442,447,ORG,Q3744601,AMD,no,train
document_132098.html,Fiera,751,756,ORG,Q3744601,AMD,no,train
document_132098.html,Moro,33,37,PER,Q171834,AMD,yes,train
document_132098.html,Paese,865,870,LOC,Q38,AMD,yes,train
document_132098.html,Presidente,3,13,PER,Q4003497,AMD,no,train
document_132098.html,Presidente,509,519,PER,Q171834,AMD,no,train
document_132098.html,città,134,139,LOC,Q1891,AMD,yes,train
document_132098.html,città,366,371,LOC,Q1891,AMD,yes,train
document_132098.html,città,456,461,LOC,Q3519,AMD,no,train
document_132098.html,regione,488,495,LOC,Q1447,AMD,no,train
document_132098.html,Consiglio,18,27,ORG,NIL,NER,no,train
document_132098.html,Consiglio,524,533,ORG,NIL,NER,no,train
document_132098.html,Governo,579,586,ORG,Q3112299,NER,yes,train
document_132102.html,Aldo Moro,33,42,PER,Q171834,AMD,yes,train
document_132102.html,Palazzo Barberini,76,93,LOC,Q1136614,AMD,yes,train
document_132102.html,presidente,3,13,PER,Q4003497,AMD,no,train
document_132102.html,Consiglio,18,27,ORG,NIL,NER,no,train
document_132103.html,Italia,0,6,LOC,Q38,AMD,yes,train
document_132103.html,comunità,561,569,ORG,Q52847,AMD,no,train
document_132104.html,Aldo Moro,46,55,PER,Q171834,AMD,yes,train
document_132104.html,Moro,355,359,PER,Q171834,AMD,yes,train
document_132104.html,Moro,560,564,PER,Q171834,AMD,yes,train
document_132104.html,Paese,742,747,LOC,Q38,AMD,yes,train
document_132104.html,Presidente,15,25,PER,Q4003497,AMD,no,train
document_132104.html,Consiglio,30,39,ORG,NIL,NER,no,train
document_132106.html,Aldo Moro,202,211,PER,Q171834,AMD,yes,train
document_132106.html,Veneto,156,162,LOC,Q1243,AMD,no,train
document_132106.html,presidente,167,177,PER,Q4003497,AMD,no,train
document_132106.html,Consiglio,182,191,ORG,NIL,NER,no,train
document_132106.html,Arma,344,348,ORG,Q349511,NER,yes,train
document_132107.html,Aldo Moro,43,52,PER,Q171834,AMD,yes,train
document_132107.html,Fiera,109,114,ORG,Q3744601,AMD,no,train
document_132107.html,Presidente,13,23,PER,Q4003497,AMD,no,train
document_132107.html,Consiglio,28,37,ORG,NIL,NER,no,train
document_132107.html,Palazzo dei Congressi,178,199,LOC,NIL,NER,no,train
document_132108.html,Presidente,155,165,PER,Q4003497,AMD,no,train
document_132109.html,Asahi,50,55,ORG,Q720503,NER,yes,train
document_132112.html,Comune,288,294,LOC,Q6526,AMD,yes,train
document_132112.html,Moro,33,37,PER,Q171834,AMD,yes,train
document_132112.html,Regione,257,264,LOC,Q1237,AMD,yes,train
document_132112.html,Sindaco,79,86,PER,Q98446077,AMD,no,train
document_132112.html,presidente,3,13,PER,Q4003497,AMD,no,train
document_132112.html,Consiglio,18,27,ORG,NIL,NER,no,train
document_132113.html,Capo,718,722,PER,Q2604,AMD,no,train
document_132113.html,Presidente,279,289,PER,Q4003497,AMD,no,train
document_132113.html,Repubblica,296,306,LOC,Q1014,AMD,no,train
document_132113.html,Governo,770,777,ORG,Q3112299,NER,yes,train
document_132116.html,Aldo Moro,106,115,PER,Q171834,AMD,yes,train
document_132116.html,Assemblea,203,212,ORG,Q1053185,AMD,no,train
document_132116.html,Presidente,77,87,PER,Q4003497,AMD,no,train
document_132116.html,Consiglio on,92,104,ORG,NIL,NER,no,train
document_132121.html,Assemblea,245,254,ORG,Q1053185,AMD,no,train
document_132121.html,Presidente,229,239,PER,Q4003497,AMD,no,train
document_132121.html,ministro,74,82,PER,Q2514,AMD,no,train
document_132121.html,Governo,20,27,ORG,Q3112299,NER,yes,train
document_132123.html,Moro,32,36,PER,Q171834,AMD,yes,train
document_132123.html,Presidente,109,119,PER,Q4003497,AMD,no,train
document_132123.html,presidente,3,13,PER,Q4003497,AMD,no,train
document_132123.html,presidente,351,361,PER,Q4003497,AMD,no,train
document_132123.html,Consiglio on,18,30,ORG,NIL,NER,no,train
document_132123.html,Pozzani,145,152,PER,Q86701362,NER,yes,train
document_132123.html,Consiglio,366,375,ORG,NIL,NER,no,train
document_132124.html,Presidente,62,72,PER,Q4003497,AMD,no,train
document_132124.html,paese,321,326,LOC,Q83286,AMD,yes,train
document_132124.html,Consiglio Esecutivo Federale,77,105,ORG,NIL,NER,no,train
document_132125.html,Accademia Jugoslava,64,83,ORG,NIL,NER,no,train
document_132125.html,Accademia,475,484,ORG,NIL,NER,no,train
document_132130.html,Roma,131,135,LOC,Q220,AMD,yes,train
document_132130.html,Roma,869,873,LOC,Q220,AMD,yes,train
document_132130.html,Signori,12,19,PER,NIL,NER,no,train
document_132130.html,Governo italiano,96,112,ORG,Q3773971,NER,yes,train
document_132130.html,Governo italiano,1016,1032,ORG,Q3773971,NER,yes,train
document_132130.html,Cattedra di S. Pietro,1485,1506,LOC,NIL,NER,no,train
document_132133.html,Amministrazione Provinciale,99,126,ORG,NIL,NER,no,train
document_132136.html,Presidente,1024,1034,PER,Q4003497,AMD,no,train
document_132136.html,ministero degli Affari Esteri,142,171,ORG,Q789842,NER,yes,train
document_132136.html,Governo,319,326,ORG,Q3112299,NER,yes,train
document_132136.html,Parlamento,339,349,ORG,Q1117578,NER,yes,train
document_132136.html,Parlamento,616,626,ORG,Q1117578,NER,yes,train
document_132136.html,Dicastero degli Esteri,988,1010,ORG,Q789842,NER,yes,train
document_132136.html,Consiglio,1039,1048,ORG,NIL,NER,no,train
document_132136.html,Governo,1137,1144,ORG,Q3112299,NER,yes,train
document_132136.html,Parlamento,1188,1198,ORG,Q1117578,NER,yes,train
document_132139.html,Paese,1291,1296,LOC,Q38,AMD,yes,train
